,Landmark,Error (mm)
0,head,0.020942323432555903
1,head,0.031169294659771515
2,head,0.051368150067098904
3,head,0.06483793899565567
4,head,0.03152586120817748
5,head,0.023277813711407046
6,head,0.037965123171071265
7,head,0.07051352058747232
8,head,0.0314617311679365
9,head,0.05770857261935204
10,head,0.045220305323243136
11,head,0.014085915631421926
12,head,0.05458895274690234
13,head,0.027956467453158308
14,head,0.032841219172978935
15,head,0.0325683332436515
16,head,0.0812174882259851
17,head,0.04823763918065289
18,head,0.015440230141114153
19,head,0.058979837461740965
20,head,0.026469126722517663
21,head,0.02841205568077948
22,head,0.024207990026586426
23,head,0.019218872227156916
24,head,0.016532427590652297
25,head,0.029141753104973113
26,head,0.03041092572298953
27,head,0.03795522533357133
28,head,0.028081815719748913
29,head,0.06399964325184249
30,head,0.04204497331839225
31,head,0.024617856553576806
32,head,0.04971903631387261
33,head,0.06536250305250951
34,head,0.03826643146901661
35,head,0.038730911823112654
36,head,0.08284094497339506
37,head,0.014107640184438825
38,head,0.055278834809523836
39,head,0.02185975112782594
40,head,0.052674839183544535
41,head,0.03348031390803148
42,head,0.019368081050792445
43,head,0.04169474174303734
44,head,0.019210695967789952
45,head,0.058160061211180794
46,head,0.04133831585095195
47,head,0.024501073542712526
48,head,0.014150635193941026
49,head,0.04171435175087246
50,head,0.028200577167855505
51,head,0.01364128967790654
52,head,0.06487620240690395
53,head,0.03817337476147498
54,head,0.020161021964448245
55,head,0.014055634886953577
56,head,0.0035045080919678335
57,head,0.033919569621199123
58,head,0.01736858745888746
59,head,0.08573340512433834
60,head,0.08685876400250217
61,head,0.08790395687278389
62,head,0.020731544774080856
63,head,0.006500183678489584
64,head,0.03333140353112826
65,head,0.026438196001561096
66,head,0.01757767567914362
67,head,0.020617580111599514
68,head,0.017858738579444634
69,head,0.03315936007175999
70,head,0.03355742068822059
71,head,0.026557736469116824
72,head,0.08434056683907908
73,head,0.026333409079552818
74,head,0.08084201457124798
75,head,0.06421562535260181
76,head,0.04072884962014521
77,head,0.031177171887866822
78,head,0.03519432881655955
79,head,0.02395279775933721
80,head,0.06646807128738765
81,head,0.02229299577365719
82,head,0.021378081685336385
83,head,0.044882224560639755
84,head,0.02375220896538887
85,head,0.038615531197712064
86,head,0.019590072041894207
87,head,0.0076725657398071185
88,head,0.002185032079564622
89,head,0.028302478885454462
90,head,0.03724950844614384
91,head,0.02232941792211673
92,head,0.02656124212689546
93,head,0.041706214369323986
94,head,0.15662403885485376
95,head,0.08457922534580463
96,head,0.016848599247449386
97,head,0.07125851208608106
98,head,0.05013902100172699
99,head,0.030311301910778028
100,head,0.01700996069184107
101,head,0.026731168630563865
102,head,0.09430579782714994
103,head,0.014345136057983732
104,head,0.013434893697630028
105,head,0.05023812541989685
106,head,0.02650695416355314
107,head,0.025233033387720413
108,head,0.020789732426833293
109,head,0.015822416408881178
110,head,0.03063253830633061
111,head,0.00966316080013272
112,head,0.051065081735650726
113,head,0.01728756805194973
114,head,0.03947023275699954
115,head,0.03479556487098461
116,head,0.03178665116411819
117,head,0.0483111311348886
118,head,0.01841328057559968
119,head,0.06960390643559575
120,head,0.05752906233497122
121,head,0.009738785791528325
122,head,0.06170744489993481
123,head,0.03349609609137315
124,head,0.018754648227013608
125,head,0.029027124980077274
126,head,0.010883052852351529
127,head,0.032841219172978935
128,head,0.0325683332436515
129,head,0.0812174882259851
130,head,0.04823763918065289
131,head,0.03154107631033052
132,head,0.0464612918147272
133,head,0.048391707729085166
134,head,0.008554709212602915
135,head,0.045507149624185506
136,head,0.012090440460896083
137,head,0.037242296046952394
138,head,0.020244468334595082
139,head,0.010246682295444393
140,head,0.023806721296722712
141,head,0.056593027352588685
142,head,0.036632231874523795
143,head,0.0218951371104599
144,head,0.006447131229523725
145,head,0.02385012980869258
146,head,0.037423087367674
147,head,0.012610810794690785
148,head,0.030488943905219987
149,head,0.03013324066559291
150,head,0.021728966761477966
151,head,0.05071396958234114
152,head,0.016274887374202143
153,head,0.011188534793668646
154,head,0.008739569653890014
155,head,0.023326813070140652
156,head,0.023749979444485037
157,eyeL,0.02143499423837796
158,eyeL,0.017184661394438937
159,eyeL,0.056205141427239966
160,eyeL,0.07774994406526427
161,eyeL,0.012217683400846302
162,eyeL,0.4096963006548048
163,eyeL,0.04772599078993374
164,eyeL,0.03919153529880223
165,eyeL,0.016187551330160928
166,eyeL,0.031568722588341556
167,eyeL,0.055277754729082466
168,eyeL,0.03705877749642989
169,eyeL,0.008851610215717252
170,eyeL,0.0468947205064141
171,eyeL,0.021968590609399208
172,eyeL,0.06743491561944331
173,eyeL,0.020135060111867147
174,eyeL,0.03289825639327042
175,eyeL,0.031625895977219
176,eyeL,0.7336490245348315
177,eyeL,0.021663709010627745
178,eyeL,0.04701470904566406
179,eyeL,0.03621004903785989
180,eyeL,0.05095596786726936
181,eyeL,0.03336781176560518
182,eyeL,0.049293459329200096
183,eyeL,0.0172198284809131
184,eyeL,0.04077613491332646
185,eyeL,0.034621844426285825
186,eyeL,0.044526616068900945
187,eyeL,0.03828808384322656
188,eyeL,0.030285401489584366
189,eyeL,0.048604068049653774
190,eyeL,0.036062111198068535
191,eyeL,0.13997015263663373
192,eyeL,0.0580593694970458
193,eyeL,0.02750076536479444
194,eyeL,0.037846330432157946
195,eyeL,0.037758817959979
196,eyeL,0.03671288913546879
197,eyeL,0.0431063226945582
198,eyeL,0.02292027072162764
199,eyeL,0.04435951056989499
200,eyeL,0.03734374508056894
201,eyeL,0.028480012555027558
202,eyeL,0.07132843036975779
203,eyeL,0.08039192470360874
204,eyeL,0.10062139828972398
205,eyeL,0.025626193614125426
206,eyeL,0.03055062011690519
207,eyeL,0.006748974154961813
208,eyeL,0.009400710042413859
209,eyeL,0.037994791726020466
210,eyeL,0.6749673409594704
211,eyeL,0.03537383331007225
212,eyeL,0.013431480636388653
213,eyeL,0.00809583443516138
214,eyeL,0.042562874133639766
215,eyeL,0.03349311987035837
216,eyeL,0.0738366979184854
217,eyeL,0.05141405428848577
218,eyeL,0.1333179011296975
219,eyeL,0.04090866771708321
220,eyeL,0.033037146524797285
221,eyeL,0.024214297284964433
222,eyeL,0.028559669860517688
223,eyeL,0.04395196956048812
224,eyeL,0.024648622058480434
225,eyeL,0.1139637354612495
226,eyeL,0.06673821548255572
227,eyeL,0.02547600750987302
228,eyeL,0.027700971181827554
229,eyeL,0.04700421309822262
230,eyeL,0.02659104280147574
231,eyeL,0.06409772334119808
232,eyeL,0.049858139890350435
233,eyeL,0.02768153432687316
234,eyeL,0.09697512675390071
235,eyeL,0.0332042986849479
236,eyeL,0.017462880230254427
237,eyeL,0.01887406405645192
238,eyeL,0.026872616471957718
239,eyeL,0.0643258116489289
240,eyeL,0.03596810618010337
241,eyeL,0.03161631419528182
242,eyeL,0.02454176420540771
243,eyeL,0.048314835062655014
244,eyeL,0.03167624718513957
245,eyeL,0.030126599496637305
246,eyeL,0.04021395309473416
247,eyeL,0.020571216468114023
248,eyeL,0.05908858222036513
249,eyeL,0.03349066584228728
250,eyeL,0.051778158053049764
251,eyeL,0.01802686047815442
252,eyeL,0.05029660833912022
253,eyeL,0.036533411506255026
254,eyeL,0.03686092241978079
255,eyeL,0.026773229580430723
256,eyeL,0.012204172978476344
257,eyeL,0.08889157173966676
258,eyeL,0.021699784108898397
259,eyeL,0.08733507061219835
260,eyeL,0.03918198147563147
261,eyeL,0.022859148056194323
262,eyeL,0.5878305664035343
263,eyeL,0.023902368730165584
264,eyeL,0.007275198859940668
265,eyeL,0.03024192604654897
266,eyeL,0.06092063417744097
267,eyeL,0.03043629143650419
268,eyeL,0.034620715574631075
269,eyeL,0.029037893551909964
270,eyeL,0.0269090532827224
271,eyeL,0.03492843118801714
272,eyeL,0.03334296469797652
273,eyeL,0.009501375347403996
274,eyeL,0.02030772402226375
275,eyeL,0.04925565705760435
276,eyeL,0.03643737398476114
277,eyeL,0.03953217998061834
278,eyeL,0.014768151841398715
279,eyeL,0.047616274123365575
280,eyeL,0.07218402712699286
281,eyeL,0.03831803240729109
282,eyeL,0.04899660702440546
283,eyeL,0.05498928060562829
284,eyeL,0.021968590609399208
285,eyeL,0.06743491561944331
286,eyeL,0.020135060111867147
287,eyeL,0.03289825639327042
288,eyeL,0.09755872603695576
289,eyeL,0.03168240767521986
290,eyeL,0.034285277862620235
291,eyeL,0.03891129800987451
292,eyeL,0.0203621726062367
293,eyeL,0.025031152065989642
294,eyeL,0.030602166467960712
295,eyeL,0.020514788451432037
296,eyeL,0.021131337963371008
297,eyeL,0.041038094057519764
298,eyeL,0.13943819757197817
299,eyeL,0.08574592646873584
300,eyeL,0.021345242117471935
301,eyeL,0.5790810882071372
302,eyeL,0.018440338940177065
303,eyeL,0.028278373829800526
304,eyeL,0.014453426624491431
305,eyeL,0.029329356199341877
306,eyeL,0.03030659574595997
307,eyeL,0.00784757895853087
308,eyeL,0.03911725061269685
309,eyeL,0.054566385460180805
310,eyeL,0.05008565400880572
311,eyeL,0.02973039478087622
312,eyeL,
313,eyeL,0.03687121023433969
314,eyeR,0.01578785884468807
315,eyeR,0.03132873328825297
316,eyeR,0.014587098333888167
317,eyeR,0.052685831948096985
318,eyeR,0.04013376717825182
319,eyeR,0.2572514664344349
320,eyeR,0.03450820274313415
321,eyeR,0.07459046753944454
322,eyeR,0.06073675390427727
323,eyeR,0.029474557524689506
324,eyeR,0.016410285151290654
325,eyeR,0.0073326547223000645
326,eyeR,0.04048768453858991
327,eyeR,0.021658495582227193
328,eyeR,0.024071717648200538
329,eyeR,0.037695676240060774
330,eyeR,0.19694603692605783
331,eyeR,0.06467166975540203
332,eyeR,0.04040425989168604
333,eyeR,0.7095891676031503
334,eyeR,0.04388004053302003
335,eyeR,0.024223063599890064
336,eyeR,0.03276114061383199
337,eyeR,0.029975714784163013
338,eyeR,0.015460901274144498
339,eyeR,0.02921860515858884
340,eyeR,0.019004779731480397
341,eyeR,0.03393084851422893
342,eyeR,0.01301094951039508
343,eyeR,0.035791133679739746
344,eyeR,0.034359965003721724
345,eyeR,0.021488515122427138
346,eyeR,0.02997226318686955
347,eyeR,0.04528760537519102
348,eyeR,0.029490245046432967
349,eyeR,0.056660431309897945
350,eyeR,0.07073652879440664
351,eyeR,0.0352196164469576
352,eyeR,0.03003184304147941
353,eyeR,0.062278487210704565
354,eyeR,0.122172617638135
355,eyeR,0.006735398310764421
356,eyeR,0.02178982471607285
357,eyeR,0.047744658050023085
358,eyeR,0.03274007814876577
359,eyeR,0.11409585894552567
360,eyeR,0.09845946238875956
361,eyeR,0.047801607548186034
362,eyeR,0.04371591662538871
363,eyeR,0.1635604729824599
364,eyeR,0.05624651421098134
365,eyeR,0.06739416269626912
366,eyeR,0.04261710783891645
367,eyeR,0.6350679176881642
368,eyeR,0.038045056215051595
369,eyeR,0.02541660268393832
370,eyeR,0.07105119499236899
371,eyeR,0.03665821965274552
372,eyeR,0.05606821425798003
373,eyeR,0.09237167199753482
374,eyeR,0.07474447579115685
375,eyeR,0.0519153766371498
376,eyeR,0.01729821368596094
377,eyeR,0.03470120678018333
378,eyeR,0.029276912872174713
379,eyeR,0.044419246147244955
380,eyeR,0.02767071109728336
381,eyeR,0.00889648076815858
382,eyeR,0.03405415377630058
383,eyeR,0.021610619370246643
384,eyeR,0.044657677759364786
385,eyeR,0.046624296314321946
386,eyeR,0.0021620710206677997
387,eyeR,0.013737934830070105
388,eyeR,0.09299616661908663
389,eyeR,0.04262780632012645
390,eyeR,0.029073100147657568
391,eyeR,0.041572559543836624
392,eyeR,0.026172472846953655
393,eyeR,0.03138534879370943
394,eyeR,0.03728368844414227
395,eyeR,0.005601999337764197
396,eyeR,0.043706524133809384
397,eyeR,0.03632821768326482
398,eyeR,0.03071337789389923
399,eyeR,0.02354814952157237
400,eyeR,0.014077624354040488
401,eyeR,0.025900351535384284
402,eyeR,0.022332056238226542
403,eyeR,0.016285673170833913
404,eyeR,0.03277940966456727
405,eyeR,0.030263201327343777
406,eyeR,0.006900010828458035
407,eyeR,0.009210016348301044
408,eyeR,0.015474658723375948
409,eyeR,0.022174879090574053
410,eyeR,0.04848287742253482
411,eyeR,0.03334142796701967
412,eyeR,0.04922755964970574
413,eyeR,0.06167909490392985
414,eyeR,0.03332942129425804
415,eyeR,0.04136772336478512
416,eyeR,0.0743000639520355
417,eyeR,0.016128113410058004
418,eyeR,0.026177000460867014
419,eyeR,0.6850623019790207
420,eyeR,0.017694836179471957
421,eyeR,0.02019988229171826
422,eyeR,0.024448914253390838
423,eyeR,0.03415411374638919
424,eyeR,0.003929003799206061
425,eyeR,0.022502827310325105
426,eyeR,0.05950205901854853
427,eyeR,0.015657065776119885
428,eyeR,0.0061042876333799005
429,eyeR,0.03490141604656306
430,eyeR,0.0177498492236752
431,eyeR,0.019524684414601014
432,eyeR,0.04749237325392402
433,eyeR,0.021361566080135855
434,eyeR,0.0906974940189093
435,eyeR,0.018039887358573963
436,eyeR,0.052724135333638
437,eyeR,0.040373181653246354
438,eyeR,0.05850705416380895
439,eyeR,0.023926055558913816
440,eyeR,0.027706267012777355
441,eyeR,0.024071717648200538
442,eyeR,0.037695676240060774
443,eyeR,0.19694603692605783
444,eyeR,0.06467166975540203
445,eyeR,0.02039436643573525
446,eyeR,0.07296982509157988
447,eyeR,0.07879345133424373
448,eyeR,0.06947752756472582
449,eyeR,0.03753865998155289
450,eyeR,0.01834309704918156
451,eyeR,0.039076761060397966
452,eyeR,0.025453329483463086
453,eyeR,0.05714245696407552
454,eyeR,0.04921337076674018
455,eyeR,0.048803096986021484
456,eyeR,0.037383029240907736
457,eyeR,0.02007671618854323
458,eyeR,0.6023667583022081
459,eyeR,0.03156532836355403
460,eyeR,0.030915437142913605
461,eyeR,0.04802529237507306
462,eyeR,0.07237709831835361
463,eyeR,0.014851843844444391
464,eyeR,0.022871496403439495
465,eyeR,0.06351144826364832
466,eyeR,0.031706737068537626
467,eyeR,0.019426065841310056
468,eyeR,0.018817459944198738
469,eyeR,
470,eyeR,0.021908772212647656
471,thorax,0.0275577173743403
472,thorax,0.036659755294562564
473,thorax,0.061377972259256945
474,thorax,0.09289552589315411
475,thorax,0.03184632134038494
476,thorax,0.026678824845104997
477,thorax,0.036803739623482046
478,thorax,0.06345361077613375
479,thorax,0.04345061260819301
480,thorax,0.02304839650470357
481,thorax,0.06421638018254616
482,thorax,0.02531841589191285
483,thorax,0.02756229445981724
484,thorax,0.041440800750809775
485,thorax,0.031053425568271172
486,thorax,0.05919604299801164
487,thorax,0.04135116622534368
488,thorax,0.046480702467682114
489,thorax,0.04026989329378563
490,thorax,0.06565858582067424
491,thorax,0.06404986332577622
492,thorax,0.022390054156694147
493,thorax,0.014693808012104707
494,thorax,0.04473428997726916
495,thorax,0.01715663251378372
496,thorax,0.047095940723523376
497,thorax,0.065983525818685
498,thorax,0.0918685358758824
499,thorax,0.024594547041734704
500,thorax,0.08539557515593638
501,thorax,0.06672159671561535
502,thorax,0.0070159170803405
503,thorax,0.008398467558037937
504,thorax,0.026949412401143177
505,thorax,0.01828376616396399
506,thorax,0.047209296355143995
507,thorax,0.1377411598433873
508,thorax,0.05533666870606439
509,thorax,0.0586920993864874
510,thorax,0.004209490323492959
511,thorax,0.023143896964391907
512,thorax,0.04688430807439477
513,thorax,0.053072624472598535
514,thorax,0.05210064247416879
515,thorax,0.0024066854089294714
516,thorax,0.05226246244978335
517,thorax,0.035091477641568114
518,thorax,0.027093536921054432
519,thorax,0.0220907050190263
520,thorax,0.009260746257270747
521,thorax,0.05632645098853504
522,thorax,0.019414879575331404
523,thorax,0.16294045179838632
524,thorax,0.08723322108241513
525,thorax,0.022051840101017142
526,thorax,0.024481185988057354
527,thorax,0.012433214062987257
528,thorax,0.018306617846049457
529,thorax,0.03465110675791411
530,thorax,0.11211907637027758
531,thorax,0.12905046765220554
532,thorax,0.14387839166992522
533,thorax,0.034053854201109256
534,thorax,0.007926261427458675
535,thorax,0.02034473796821773
536,thorax,0.08392117982696967
537,thorax,0.01851875243077691
538,thorax,0.05649092147419147
539,thorax,0.03282716775917752
540,thorax,0.02152455027019954
541,thorax,0.010408333203297634
542,thorax,0.03917722752850286
543,thorax,0.02055704877173999
544,thorax,0.030126800501144316
545,thorax,0.023369346364307837
546,thorax,0.1798533168175027
547,thorax,0.012945088035001147
548,thorax,0.06700828907423177
549,thorax,0.027165870192768105
550,thorax,0.032351499414217146
551,thorax,0.02372092867623413
552,thorax,0.020320680071570545
553,thorax,0.045115352660017656
554,thorax,0.0897235378100505
555,thorax,0.015795014534628758
556,thorax,0.04535517864926063
557,thorax,0.017015752265927563
558,thorax,0.037991228317735534
559,thorax,0.06711854701578483
560,thorax,0.058764715249721634
561,thorax,0.04883685493804547
562,thorax,0.03490703877823845
563,thorax,0.06158701104294172
564,thorax,0.020681475727574474
565,thorax,0.07838695495516493
566,thorax,0.0730984640478315
567,thorax,0.019227823501511802
568,thorax,0.02328247197623817
569,thorax,0.0358350248242522
570,thorax,0.0978905186721703
571,thorax,0.030640226728818918
572,thorax,0.020796378287027673
573,thorax,0.08022352079158213
574,thorax,0.06896068801915158
575,thorax,0.024379718795264647
576,thorax,0.07218247246721331
577,thorax,0.0022167409872274994
578,thorax,0.0201512521672374
579,thorax,0.018512471693497134
580,thorax,0.03301901082753319
581,thorax,0.007427949953515042
582,thorax,0.020981096698394888
583,thorax,0.020522725636826993
584,thorax,0.014280810248830123
585,thorax,0.020315251896237698
586,thorax,0.04269661572530625
587,thorax,0.019561555258915085
588,thorax,0.013018818465449847
589,thorax,0.04402989142287972
590,thorax,0.022673806773638137
591,thorax,0.03151638262910966
592,thorax,0.005819583079667832
593,thorax,0.09242560825522808
594,thorax,0.07882991047479078
595,thorax,0.04072986029202673
596,thorax,0.03136145753498745
597,thorax,0.05359499792043388
598,thorax,0.031053425568271172
599,thorax,0.05919604299801164
600,thorax,0.04135116622534368
601,thorax,0.046480702467682114
602,thorax,0.06710640920787159
603,thorax,0.05146992458917716
604,thorax,0.04920242962751227
605,thorax,0.056994143174236574
606,thorax,0.03747165980639001
607,thorax,0.03166091689354119
608,thorax,0.021671993178609444
609,thorax,0.03762437238243965
610,thorax,0.02553495673193818
611,thorax,0.06539125067972613
612,thorax,0.03697898841556355
613,thorax,0.03669098335731179
614,thorax,0.014336737487354919
615,thorax,0.051494394022284166
616,thorax,0.04212465880341191
617,thorax,0.03227929028030342
618,thorax,0.04545493965256916
619,thorax,0.02997832096924408
620,thorax,0.03844553308806152
621,thorax,0.023997129821639544
622,thorax,0.003549771996712957
623,thorax,0.019816376276390598
624,thorax,0.014130671554563894
625,thorax,0.015013610608852916
626,thorax,0.02625030371898526
627,thorax,0.025439130163606053
628,abdomen,0.03200707099705238
629,abdomen,0.03067951185732635
630,abdomen,0.038607060075260616
631,abdomen,0.034701540852672276
632,abdomen,0.027147335157129266
633,abdomen,0.002353431267917584
634,abdomen,0.05760983895501843
635,abdomen,0.03178829141020132
636,abdomen,0.03617358267313607
637,abdomen,0.10718614609710654
638,abdomen,0.04535868023641696
639,abdomen,0.026567683333836727
640,abdomen,0.01743362938800559
641,abdomen,0.010699208004154895
642,abdomen,0.034102239388414564
643,abdomen,0.052431351920691
644,abdomen,0.038626469895308484
645,abdomen,0.062243940352153616
646,abdomen,0.01727379431146558
647,abdomen,0.06405446374790989
648,abdomen,0.028809304171141772
649,abdomen,0.012418006789655194
650,abdomen,0.059586809185886984
651,abdomen,0.035534601622648314
652,abdomen,0.009230299470822483
653,abdomen,0.016884309131526432
654,abdomen,0.022876863228323323
655,abdomen,0.024811597642258557
656,abdomen,0.040530601139270775
657,abdomen,0.03602566081489572
658,abdomen,0.06836262105391477
659,abdomen,0.06379351495019683
660,abdomen,0.01587004878913719
661,abdomen,0.013668589415220726
662,abdomen,0.03871596106595043
663,abdomen,0.03325078144919091
664,abdomen,0.06496722845082792
665,abdomen,0.02708391635279142
666,abdomen,0.042637485064117076
667,abdomen,0.02326970835037849
668,abdomen,0.0455927970280083
669,abdomen,0.020079894231154524
670,abdomen,0.02583169395802522
671,abdomen,0.029243295698015474
672,abdomen,0.018176380356729475
673,abdomen,0.021763011716152667
674,abdomen,0.07483993179281924
675,abdomen,0.07327540290439322
676,abdomen,0.057513910644153135
677,abdomen,0.03357305976238812
678,abdomen,0.05009183719839639
679,abdomen,0.047965530608502255
680,abdomen,0.0306349826694771
681,abdomen,0.019229546263508746
682,abdomen,0.010977739609567026
683,abdomen,0.03940744420888253
684,abdomen,0.022253109931088012
685,abdomen,0.0170144325197606
686,abdomen,0.03464492745008839
687,abdomen,0.053539489033337995
688,abdomen,0.10233571087692733
689,abdomen,0.06380499667076728
690,abdomen,0.010891033076212815
691,abdomen,0.013434920798494685
692,abdomen,0.0455894310181823
693,abdomen,0.026117543280393087
694,abdomen,0.021103129753101347
695,abdomen,0.016371138427286283
696,abdomen,0.031775561015674685
697,abdomen,0.016060496917044757
698,abdomen,0.03168298283353483
699,abdomen,0.04324972190117256
700,abdomen,0.07805795713914027
701,abdomen,0.021712694366408124
702,abdomen,0.034735078657932086
703,abdomen,0.01807556630663678
704,abdomen,0.0067017537171081745
705,abdomen,0.0510409363558888
706,abdomen,0.022154108552213805
707,abdomen,0.01628880807652511
708,abdomen,0.05670339749667137
709,abdomen,0.011199329953513904
710,abdomen,0.03211408515912321
711,abdomen,0.0475567461742493
712,abdomen,0.006562885246243062
713,abdomen,0.04334056892694766
714,abdomen,0.016552144173438966
715,abdomen,0.009859196156744975
716,abdomen,0.029981439284830647
717,abdomen,0.011731201734182337
718,abdomen,0.007112717437315034
719,abdomen,0.051558103517870116
720,abdomen,0.0203698892364153
721,abdomen,0.020183364816699686
722,abdomen,0.06635667138170456
723,abdomen,0.03841865453447434
724,abdomen,0.0017491007542872904
725,abdomen,0.009326299115847739
726,abdomen,0.03538387485398321
727,abdomen,0.022890686653998585
728,abdomen,0.06066010411870923
729,abdomen,0.052484545436043174
730,abdomen,0.07052386225463166
731,abdomen,0.010660465659780688
732,abdomen,0.017825034538560373
733,abdomen,0.03402674479284105
734,abdomen,0.03183455817359781
735,abdomen,0.028995265379014992
736,abdomen,0.019525317071368
737,abdomen,0.027374144587441505
738,abdomen,0.0033862796559533106
739,abdomen,0.02084953145834343
740,abdomen,0.027183624175890608
741,abdomen,0.01263131800151746
742,abdomen,0.03988717994993234
743,abdomen,0.015588287686083953
744,abdomen,0.030236254134598135
745,abdomen,0.079068520096164
746,abdomen,0.007027823748241142
747,abdomen,0.028539393037359126
748,abdomen,0.06545827659148058
749,abdomen,0.024263845499611525
750,abdomen,0.055526550030484456
751,abdomen,0.0286369651938428
752,abdomen,0.012161619106248717
753,abdomen,0.027163932888088525
754,abdomen,0.024379952503870185
755,abdomen,0.034102239388414564
756,abdomen,0.052431351920691
757,abdomen,0.038626469895308484
758,abdomen,0.062243940352153616
759,abdomen,0.03698674943636724
760,abdomen,0.05166340694937282
761,abdomen,0.05562355673880967
762,abdomen,0.04831874597794878
763,abdomen,0.029876305189556366
764,abdomen,0.013909649458399636
765,abdomen,0.03771102294366348
766,abdomen,0.03424468806236722
767,abdomen,0.05615446432631348
768,abdomen,0.07502039355430053
769,abdomen,0.0301170297040515
770,abdomen,0.08585289155250522
771,abdomen,0.0368573960254892
772,abdomen,0.03890436107256687
773,abdomen,0.03356787195524309
774,abdomen,0.07114278364141445
775,abdomen,0.03275151721451467
776,abdomen,0.06719029799130523
777,abdomen,0.01615729602174136
778,abdomen,0.007278498608362288
779,abdomen,0.03971581704610935
780,abdomen,0.034064931046647824
781,abdomen,0.012615730313147559
782,abdomen,0.021008687470486547
783,abdomen,0.045558391617975376
784,abdomen,0.0273687022563295
785,forelegL,0.027585677811951773
786,forelegL,0.012296616976318427
787,forelegL,
788,forelegL,0.05295520981655442
789,forelegL,0.010195077287582557
790,forelegL,0.13298522673314186
791,forelegL,0.02892397109889093
792,forelegL,1.5708591031866146
793,forelegL,0.0884636412044186
794,forelegL,
795,forelegL,0.05816742325151569
796,forelegL,
797,forelegL,0.06111673439885925
798,forelegL,1.0785421575084866
799,forelegL,0.02115779212154828
800,forelegL,0.06469842192981859
801,forelegL,0.00693895142602901
802,forelegL,0.026665306045059345
803,forelegL,0.03505372426607121
804,forelegL,0.88942296935897
805,forelegL,
806,forelegL,0.03742494769603611
807,forelegL,0.05177174862650679
808,forelegL,0.044519928386934825
809,forelegL,0.013770099706296774
810,forelegL,0.029984889956883788
811,forelegL,0.09606786859828072
812,forelegL,
813,forelegL,
814,forelegL,0.05168452137548551
815,forelegL,0.011854859320808944
816,forelegL,0.04401849403534544
817,forelegL,0.04066012883220466
818,forelegL,0.06695239572382815
819,forelegL,0.04947150834846614
820,forelegL,0.03143080814598932
821,forelegL,0.006116205997213735
822,forelegL,0.057323421219540864
823,forelegL,0.02005918224726004
824,forelegL,0.05065431628886528
825,forelegL,
826,forelegL,0.00798911712170794
827,forelegL,0.029687352338887914
828,forelegL,
829,forelegL,0.012015215634288392
830,forelegL,0.3751101325355046
831,forelegL,0.013408667280426532
832,forelegL,0.02070368603203659
833,forelegL,0.046243632816374794
834,forelegL,1.536194050716435
835,forelegL,0.013776845048352169
836,forelegL,0.03810966564923252
837,forelegL,
838,forelegL,0.6632823478311538
839,forelegL,0.019326617003318308
840,forelegL,0.023434733223026638
841,forelegL,0.06696420688675213
842,forelegL,0.014392571918264421
843,forelegL,0.016222263146741533
844,forelegL,0.03920778354271188
845,forelegL,
846,forelegL,0.02376659083987847
847,forelegL,0.015033834671663079
848,forelegL,0.00639391058128941
849,forelegL,0.03011100239767855
850,forelegL,0.051344752349044905
851,forelegL,0.029378086960743094
852,forelegL,0.02075001146390365
853,forelegL,0.5371724112714952
854,forelegL,0.06169881702386527
855,forelegL,0.0099629422615136
856,forelegL,
857,forelegL,0.01184336765223112
858,forelegL,
859,forelegL,0.04577086476532668
860,forelegL,0.032270285611411924
861,forelegL,0.018039438427685604
862,forelegL,0.05421669902277147
863,forelegL,0.01595516682363715
864,forelegL,0.017995537467598143
865,forelegL,0.9003364131838033
866,forelegL,0.38926478845223605
867,forelegL,0.023256175782378905
868,forelegL,0.005799290375807966
869,forelegL,0.02069274876638642
870,forelegL,0.03534807771200019
871,forelegL,0.0504096020356119
872,forelegL,0.03035056505978587
873,forelegL,0.04458711961327223
874,forelegL,0.42455996703524806
875,forelegL,0.029850110337419713
876,forelegL,0.034256047846870134
877,forelegL,
878,forelegL,0.018310162460267797
879,forelegL,0.027875918814847547
880,forelegL,0.03392419760132503
881,forelegL,0.028763103022348625
882,forelegL,0.06445965325766556
883,forelegL,0.006005552611108801
884,forelegL,0.028362231876288238
885,forelegL,0.030136662375767724
886,forelegL,0.020827586060198133
887,forelegL,
888,forelegL,0.041189649343211364
889,forelegL,0.013034491433720003
890,forelegL,1.1169471021863702
891,forelegL,
892,forelegL,0.03331693251311292
893,forelegL,
894,forelegL,0.030963636029477406
895,forelegL,0.0309701144932407
896,forelegL,
897,forelegL,0.04520066000896603
898,forelegL,
899,forelegL,0.008143076129512017
900,forelegL,0.013168614620236573
901,forelegL,0.016266359555450326
902,forelegL,0.031577231162467086
903,forelegL,0.40420874941865464
904,forelegL,0.06276301182174787
905,forelegL,
906,forelegL,0.023814249951545928
907,forelegL,0.29954485380734835
908,forelegL,0.046682386324632376
909,forelegL,0.018403278100323533
910,forelegL,0.03263416032588558
911,forelegL,
912,forelegL,0.02115779212154828
913,forelegL,0.06469842192981859
914,forelegL,0.00693895142602901
915,forelegL,0.026665306045059345
916,forelegL,0.013290562393634972
917,forelegL,0.03488333884003298
918,forelegL,0.02458322913874064
919,forelegL,
920,forelegL,0.033010608357948265
921,forelegL,
922,forelegL,0.03921715986209207
923,forelegL,0.030114148908602412
924,forelegL,0.012630875457823175
925,forelegL,0.06831147515877564
926,forelegL,0.16513423361129304
927,forelegL,
928,forelegL,0.019770123883077508
929,forelegL,0.5532538083852476
930,forelegL,0.04740051633427726
931,forelegL,
932,forelegL,0.025234760338743233
933,forelegL,0.04379450688997916
934,forelegL,0.08144978760329838
935,forelegL,0.02001080165711426
936,forelegL,0.004560453984617901
937,forelegL,0.026568427516002247
938,forelegL,0.03455481645025531
939,forelegL,0.05525233252366367
940,forelegL,
941,forelegL,0.03160392936389741
942,forelegR,0.03214193805841371
943,forelegR,0.04068942580353574
944,forelegR,0.11489663975278894
945,forelegR,0.041736575218961396
946,forelegR,0.025791321063643464
947,forelegR,
948,forelegR,0.0370199260676507
949,forelegR,0.03329070193733718
950,forelegR,0.36209137144188097
951,forelegR,
952,forelegR,0.02897302177450691
953,forelegR,0.038074897512448906
954,forelegR,0.03437376542011796
955,forelegR,0.052384997548387116
956,forelegR,
957,forelegR,0.03132172656223185
958,forelegR,
959,forelegR,0.004353402381081695
960,forelegR,0.007485099123061548
961,forelegR,0.8372719146781167
962,forelegR,0.03481111756150999
963,forelegR,0.030081159452922515
964,forelegR,0.02185443782747871
965,forelegR,
966,forelegR,0.016239625459486918
967,forelegR,0.056292377005240514
968,forelegR,0.02244498104174194
969,forelegR,0.033877680111991305
970,forelegR,
971,forelegR,0.044996034616828065
972,forelegR,
973,forelegR,0.016029053901571173
974,forelegR,0.014794183119533417
975,forelegR,0.05251415230585859
976,forelegR,0.022490778795092616
977,forelegR,0.026880457509912387
978,forelegR,0.05584628284530062
979,forelegR,0.03883788017966464
980,forelegR,0.029769288178154826
981,forelegR,0.05798828184180969
982,forelegR,0.047167709139719544
983,forelegR,0.012667471365184204
984,forelegR,0.045641172602818345
985,forelegR,0.044978350980872654
986,forelegR,0.021578902886773044
987,forelegR,0.03750933276079488
988,forelegR,0.015572206813277027
989,forelegR,0.03846881478472065
990,forelegR,0.0184762966800373
991,forelegR,0.0642007131482501
992,forelegR,0.06425888989179053
993,forelegR,0.054632376802105746
994,forelegR,0.028501028138856434
995,forelegR,
996,forelegR,0.03548634970011223
997,forelegR,0.05750489172578927
998,forelegR,0.6526313317992829
999,forelegR,0.01014459745128215
1000,forelegR,0.029300084451385773
1001,forelegR,0.0359814306940787
1002,forelegR,0.07541966668042836
1003,forelegR,0.057631298750186376
1004,forelegR,0.034363421811831066
1005,forelegR,0.022742344294503225
1006,forelegR,0.016115070299709412
1007,forelegR,0.023491418594946127
1008,forelegR,
1009,forelegR,0.03498527594218575
1010,forelegR,0.0445938263103342
1011,forelegR,0.04551095991307624
1012,forelegR,0.0493503962591124
1013,forelegR,0.03180034938650024
1014,forelegR,0.024314769682780152
1015,forelegR,0.05903266498970467
1016,forelegR,0.05476278297086087
1017,forelegR,
1018,forelegR,0.020747473107793582
1019,forelegR,0.04824183325378054
1020,forelegR,0.025150018792783703
1021,forelegR,0.044265929318418606
1022,forelegR,1.3927617272670647
1023,forelegR,0.05963875845539054
1024,forelegR,0.048012545198041504
1025,forelegR,0.011171832925058939
1026,forelegR,
1027,forelegR,0.04963873685435371
1028,forelegR,0.03410179997275917
1029,forelegR,0.041283688142330535
1030,forelegR,0.010712742079174917
1031,forelegR,0.06819471459128258
1032,forelegR,0.04289883619245425
1033,forelegR,
1034,forelegR,0.02293977401379228
1035,forelegR,0.01073818191865268
1036,forelegR,0.03572929436059491
1037,forelegR,0.0732833824586104
1038,forelegR,0.04601298260212827
1039,forelegR,0.022707778747232347
1040,forelegR,0.007883258588244305
1041,forelegR,0.08129415759872602
1042,forelegR,0.023495509016189808
1043,forelegR,0.02789732041560876
1044,forelegR,0.05129017539682017
1045,forelegR,0.012712187186784176
1046,forelegR,0.022454784407225835
1047,forelegR,1.0994996127023036
1048,forelegR,0.029787659035334334
1049,forelegR,0.044553511423113853
1050,forelegR,0.025567661741572142
1051,forelegR,0.007479661887300929
1052,forelegR,
1053,forelegR,0.02078488804932274
1054,forelegR,0.04858457799778515
1055,forelegR,0.02752407927060669
1056,forelegR,0.011767035150045832
1057,forelegR,
1058,forelegR,0.00600346502203178
1059,forelegR,0.03641372395273617
1060,forelegR,0.46341383693589855
1061,forelegR,0.04764975417261935
1062,forelegR,0.04756084126639026
1063,forelegR,
1064,forelegR,0.08260905523750156
1065,forelegR,0.03938065840639918
1066,forelegR,0.05875338456088132
1067,forelegR,0.05279853049975868
1068,forelegR,0.017307565093780463
1069,forelegR,
1070,forelegR,0.03132172656223185
1071,forelegR,
1072,forelegR,0.004353402381081695
1073,forelegR,0.0534194237131442
1074,forelegR,
1075,forelegR,0.04700393883536697
1076,forelegR,0.030938654246237925
1077,forelegR,0.03294527043745495
1078,forelegR,0.03636884335384416
1079,forelegR,0.0293689244244006
1080,forelegR,0.003988239368400591
1081,forelegR,0.008721168113859474
1082,forelegR,0.02997290068373502
1083,forelegR,
1084,forelegR,0.91322686719881
1085,forelegR,0.028899751025713624
1086,forelegR,0.5191779921117481
1087,forelegR,0.056450217761372774
1088,forelegR,0.04570962237493866
1089,forelegR,0.03388598689972049
1090,forelegR,0.039529290193892806
1091,forelegR,
1092,forelegR,0.007019972523958051
1093,forelegR,0.003918334137008188
1094,forelegR,0.06852451040204928
1095,forelegR,0.021669367689560383
1096,forelegR,0.032902966641499796
1097,forelegR,
1098,forelegR,0.016214026218834433
1099,midlegL,0.03433268528996488
1100,midlegL,0.045645895049303206
1101,midlegL,0.009030572220213102
1102,midlegL,0.01487911107551433
1103,midlegL,0.017219571903601922
1104,midlegL,
1105,midlegL,0.02356550403171385
1106,midlegL,1.6138366862957705
1107,midlegL,0.03453175353341008
1108,midlegL,0.015477159745708537
1109,midlegL,0.051799533334192245
1110,midlegL,0.029024365596739092
1111,midlegL,0.005011301966149767
1112,midlegL,0.04076316666813764
1113,midlegL,0.02233382747034749
1114,midlegL,0.03421737778201123
1115,midlegL,0.12621583245134804
1116,midlegL,0.032576559906244855
1117,midlegL,
1118,midlegL,2.273708638222868
1119,midlegL,0.017395276080235587
1120,midlegL,0.015731776021592814
1121,midlegL,0.022359160307666198
1122,midlegL,2.99147084797146
1123,midlegL,0.01439096141911167
1124,midlegL,0.012908869357016796
1125,midlegL,0.023182425912196627
1126,midlegL,0.03516591120465711
1127,midlegL,0.04203380029654874
1128,midlegL,0.018632934837110274
1129,midlegL,0.03920493409203651
1130,midlegL,0.04269737623935112
1131,midlegL,0.029199142843003657
1132,midlegL,0.01288044476774009
1133,midlegL,0.03444279760868924
1134,midlegL,
1135,midlegL,
1136,midlegL,0.011331484917902366
1137,midlegL,0.00973089620049307
1138,midlegL,0.04840847672982359
1139,midlegL,0.028629887080274405
1140,midlegL,0.05408939561306205
1141,midlegL,0.015557307943572908
1142,midlegL,0.05051330547738803
1143,midlegL,0.01436855153942063
1144,midlegL,0.010554769123056851
1145,midlegL,
1146,midlegL,0.03897029581612858
1147,midlegL,0.014005349222897867
1148,midlegL,0.0355817209546938
1149,midlegL,0.03969546140702455
1150,midlegL,0.041790131892179685
1151,midlegL,0.06786040340722369
1152,midlegL,2.552121284568397
1153,midlegL,0.009775379138557253
1154,midlegL,0.03590230075717335
1155,midlegL,0.030523003240236428
1156,midlegL,0.01585801783251021
1157,midlegL,
1158,midlegL,
1159,midlegL,0.3695152231485858
1160,midlegL,0.14283535809256057
1161,midlegL,0.02347776130218726
1162,midlegL,0.021317543673680252
1163,midlegL,0.026250911601204407
1164,midlegL,0.046140294598416655
1165,midlegL,0.04036328965500276
1166,midlegL,0.025160768858670354
1167,midlegL,0.04223831819048175
1168,midlegL,0.032613893302597965
1169,midlegL,0.009773449329156783
1170,midlegL,0.011158898449297046
1171,midlegL,
1172,midlegL,0.05489970753891739
1173,midlegL,0.014929315669998071
1174,midlegL,0.059994517142565
1175,midlegL,
1176,midlegL,0.038295786901746814
1177,midlegL,0.033225431522253455
1178,midlegL,0.028442156733119665
1179,midlegL,
1180,midlegL,0.04984030154141276
1181,midlegL,0.021561276799167674
1182,midlegL,0.01950652893506686
1183,midlegL,0.04115402411331714
1184,midlegL,0.023908717149696695
1185,midlegL,0.037476387558094064
1186,midlegL,0.02242069720880038
1187,midlegL,0.05549290459225224
1188,midlegL,
1189,midlegL,0.02418562785761536
1190,midlegL,0.03796713478014738
1191,midlegL,0.03803556768393323
1192,midlegL,0.019401185843902366
1193,midlegL,0.042376356999163776
1194,midlegL,
1195,midlegL,0.01828672803844352
1196,midlegL,0.010810514004797642
1197,midlegL,0.021551920294670252
1198,midlegL,0.011525978762832022
1199,midlegL,0.026236480646820583
1200,midlegL,0.029232964844927104
1201,midlegL,
1202,midlegL,0.05900276432749875
1203,midlegL,0.021747874750999728
1204,midlegL,
1205,midlegL,0.04053379012021592
1206,midlegL,0.05853375038411983
1207,midlegL,0.0416047938197942
1208,midlegL,0.058989217999118757
1209,midlegL,0.0022850012922242353
1210,midlegL,0.02961042078988994
1211,midlegL,0.023249193319418528
1212,midlegL,0.05076924950208002
1213,midlegL,0.053264408435058475
1214,midlegL,0.011371137408250397
1215,midlegL,0.019025212187430803
1216,midlegL,0.025818974494972304
1217,midlegL,0.018847529821189198
1218,midlegL,0.05552905143820365
1219,midlegL,
1220,midlegL,0.013587301897768035
1221,midlegL,0.0414974063155328
1222,midlegL,0.031508675001430245
1223,midlegL,0.048794566373861356
1224,midlegL,0.028885311359918536
1225,midlegL,0.03738363377585324
1226,midlegL,0.02233382747034749
1227,midlegL,0.03421737778201123
1228,midlegL,0.12621583245134804
1229,midlegL,0.032576559906244855
1230,midlegL,
1231,midlegL,0.04153656709672979
1232,midlegL,0.05486761277239962
1233,midlegL,
1234,midlegL,0.035402838328226466
1235,midlegL,0.027315009883842858
1236,midlegL,0.03501373867526589
1237,midlegL,0.02941478902764534
1238,midlegL,0.017211923889179286
1239,midlegL,0.03797708132620174
1240,midlegL,
1241,midlegL,0.06325784417171361
1242,midlegL,0.043476838176260864
1243,midlegL,
1244,midlegL,
1245,midlegL,0.027860597073744407
1246,midlegL,0.0133327565446171
1247,midlegL,0.03981259044685407
1248,midlegL,0.012005001985524266
1249,midlegL,0.02747688377015848
1250,midlegL,0.005035252115902848
1251,midlegL,0.04644098550310936
1252,midlegL,0.02498231991342955
1253,midlegL,0.05663706333226659
1254,midlegL,
1255,midlegL,0.03187264787144808
1256,midlegR,0.024923463224873165
1257,midlegR,0.038131736182929685
1258,midlegR,0.05014186036466853
1259,midlegR,0.06752754637539336
1260,midlegR,0.027437358778026798
1261,midlegR,
1262,midlegR,0.02737034432783724
1263,midlegR,0.00855871823183892
1264,midlegR,
1265,midlegR,
1266,midlegR,0.020488541525590327
1267,midlegR,0.03397955678950415
1268,midlegR,0.029664027262512275
1269,midlegR,0.035462399028926055
1270,midlegR,0.5502206514174712
1271,midlegR,0.3136693115814486
1272,midlegR,0.042402867190655516
1273,midlegR,0.05036192720620717
1274,midlegR,0.04988246272042202
1275,midlegR,2.1773451285012135
1276,midlegR,0.027883201036976123
1277,midlegR,0.013988022436684263
1278,midlegR,0.031198719810916695
1279,midlegR,0.032067258247363666
1280,midlegR,0.030794803107656504
1281,midlegR,0.011151644276513042
1282,midlegR,0.029686619652995516
1283,midlegR,0.026630566557175026
1284,midlegR,
1285,midlegR,0.030528935498331976
1286,midlegR,0.041870035579911445
1287,midlegR,0.014230363025578093
1288,midlegR,0.024176676204852865
1289,midlegR,0.01852710481173535
1290,midlegR,1.4962539575853784
1291,midlegR,
1292,midlegR,
1293,midlegR,0.018391883646785078
1294,midlegR,0.03308008418347246
1295,midlegR,0.03921437565237329
1296,midlegR,0.0285398005297603
1297,midlegR,0.025716895417084013
1298,midlegR,0.03141839801219692
1299,midlegR,0.030799654431245566
1300,midlegR,0.027488813573505532
1301,midlegR,0.009052186859217786
1302,midlegR,0.0372106323551891
1303,midlegR,0.05532155349362559
1304,midlegR,0.0641550326628701
1305,midlegR,1.0045470737080955
1306,midlegR,0.0369112542141822
1307,midlegR,0.027472138190795616
1308,midlegR,0.03676261056301761
1309,midlegR,2.5642479577925985
1310,midlegR,0.03681998386813549
1311,midlegR,0.017758749372007426
1312,midlegR,
1313,midlegR,0.01836406984382931
1314,midlegR,
1315,midlegR,0.03869676567680614
1316,midlegR,0.020087308396841558
1317,midlegR,0.04651914678875099
1318,midlegR,0.023803273997215754
1319,midlegR,0.01131025913304387
1320,midlegR,0.004702386235439662
1321,midlegR,0.019558728426703486
1322,midlegR,0.040189913472642995
1323,midlegR,0.04188917946165511
1324,midlegR,0.04642487133922156
1325,midlegR,0.012192444047223625
1326,midlegR,0.002415349473336468
1327,midlegR,0.021620463491045048
1328,midlegR,0.009055026548500251
1329,midlegR,0.027508049788555627
1330,midlegR,0.03767909665462001
1331,midlegR,0.02139101236967858
1332,midlegR,
1333,midlegR,
1334,midlegR,0.01944919272607414
1335,midlegR,0.04428916752653724
1336,midlegR,1.980591262348528
1337,midlegR,0.007756311625980361
1338,midlegR,0.04608682551951274
1339,midlegR,0.03449798722683648
1340,midlegR,0.005391960662877852
1341,midlegR,0.031171563593097182
1342,midlegR,0.015476692443943533
1343,midlegR,0.00602247344315978
1344,midlegR,
1345,midlegR,1.6011414585455392
1346,midlegR,0.04952553670772292
1347,midlegR,
1348,midlegR,0.030973457422730256
1349,midlegR,0.03246701098057723
1350,midlegR,0.023944048649661574
1351,midlegR,0.0061341602375048244
1352,midlegR,0.028874309030775012
1353,midlegR,0.014128813231783784
1354,midlegR,0.01715683276098177
1355,midlegR,0.05498393176328682
1356,midlegR,0.03370738650229241
1357,midlegR,0.033543756254034926
1358,midlegR,1.4556464596178214
1359,midlegR,0.08599367145465296
1360,midlegR,0.03513008952246256
1361,midlegR,2.572446484619425
1362,midlegR,0.01313833287541089
1363,midlegR,0.029405606650137715
1364,midlegR,0.022157739154585465
1365,midlegR,0.0674518291153564
1366,midlegR,0.028927837966759365
1367,midlegR,0.03450735711657369
1368,midlegR,0.03541365587978426
1369,midlegR,0.01697840123149594
1370,midlegR,0.02655272124161931
1371,midlegR,0.01094123886793007
1372,midlegR,0.014242408221333143
1373,midlegR,0.05322906225964644
1374,midlegR,0.025304041572855634
1375,midlegR,0.09674990595035354
1376,midlegR,0.047228095124166154
1377,midlegR,0.01794581604381499
1378,midlegR,0.03939549066989407
1379,midlegR,0.012472999646918866
1380,midlegR,0.041062856070683766
1381,midlegR,0.015851948127927597
1382,midlegR,0.024874704083921666
1383,midlegR,0.5502206514174712
1384,midlegR,0.3136693115814486
1385,midlegR,0.042402867190655516
1386,midlegR,0.05036192720620717
1387,midlegR,
1388,midlegR,
1389,midlegR,0.06529419806135359
1390,midlegR,0.04389462519455183
1391,midlegR,0.04470599214632176
1392,midlegR,0.026829648959918788
1393,midlegR,0.022323625890737
1394,midlegR,0.03028432674385229
1395,midlegR,
1396,midlegR,0.028143405100518375
1397,midlegR,0.04270789365480987
1398,midlegR,
1399,midlegR,0.03129471696347446
1400,midlegR,
1401,midlegR,0.03683170748799889
1402,midlegR,0.05116836880640911
1403,midlegR,
1404,midlegR,0.022443320872383047
1405,midlegR,0.011919377613733243
1406,midlegR,0.02275780561721443
1407,midlegR,0.023984994258560405
1408,midlegR,0.01438308938474472
1409,midlegR,0.018570776917311866
1410,midlegR,0.03727494455652997
1411,midlegR,
1412,midlegR,0.02763129022611489
1413,hindlegL,0.06699475557837552
1414,hindlegL,0.03513351671901241
1415,hindlegL,0.0717373662684673
1416,hindlegL,0.021365707056692287
1417,hindlegL,0.031149513979157828
1418,hindlegL,
1419,hindlegL,0.03193153318945422
1420,hindlegL,0.9898536253293744
1421,hindlegL,0.09401062616168891
1422,hindlegL,
1423,hindlegL,0.03185919283441307
1424,hindlegL,
1425,hindlegL,0.05046729593912564
1426,hindlegL,0.02481714010048431
1427,hindlegL,0.04401135849326536
1428,hindlegL,0.03257279223329141
1429,hindlegL,0.04844169896089834
1430,hindlegL,0.02343706833186493
1431,hindlegL,0.015819352468840225
1432,hindlegL,2.3661331660822733
1433,hindlegL,0.023885904873416727
1434,hindlegL,0.017387063668736037
1435,hindlegL,0.04384147263051398
1436,hindlegL,0.03351580180780381
1437,hindlegL,0.03543024385113157
1438,hindlegL,
1439,hindlegL,0.026863986795895196
1440,hindlegL,0.01992532289102988
1441,hindlegL,
1442,hindlegL,0.03971329296999128
1443,hindlegL,0.039754986235496635
1444,hindlegL,
1445,hindlegL,
1446,hindlegL,0.03452631889190929
1447,hindlegL,0.03724436453087715
1448,hindlegL,0.03310706138237755
1449,hindlegL,0.044340517734861015
1450,hindlegL,0.006546076786050896
1451,hindlegL,0.024789100782429505
1452,hindlegL,0.04335801374636232
1453,hindlegL,0.8223979757174865
1454,hindlegL,0.004321669815844768
1455,hindlegL,0.025002377825013918
1456,hindlegL,0.044751584348569524
1457,hindlegL,0.029573488481022998
1458,hindlegL,0.021144405062235742
1459,hindlegL,0.028346114981945007
1460,hindlegL,0.018760665389000546
1461,hindlegL,0.035790030728428734
1462,hindlegL,0.021276684870542066
1463,hindlegL,0.03570925740981166
1464,hindlegL,0.18633066820902314
1465,hindlegL,0.590048069563953
1466,hindlegL,2.384322166173447
1467,hindlegL,0.012118120873513764
1468,hindlegL,0.062230386233703264
1469,hindlegL,0.06455621448694793
1470,hindlegL,0.03255531075128366
1471,hindlegL,0.031505742068499334
1472,hindlegL,0.01137621295780226
1473,hindlegL,0.04052969394017001
1474,hindlegL,0.03700673922616679
1475,hindlegL,0.04088542791127718
1476,hindlegL,0.035674074538542766
1477,hindlegL,0.03922968704666042
1478,hindlegL,
1479,hindlegL,0.01529360294212244
1480,hindlegL,0.20436203482541027
1481,hindlegL,
1482,hindlegL,0.022288798690153946
1483,hindlegL,0.3731315112646729
1484,hindlegL,0.020064694988349858
1485,hindlegL,0.026539616821752637
1486,hindlegL,0.15544483607495657
1487,hindlegL,0.04487743883187191
1488,hindlegL,0.01543774732643906
1489,hindlegL,0.016123184755465855
1490,hindlegL,0.03246834091412353
1491,hindlegL,0.05712915690629649
1492,hindlegL,0.053882529362050936
1493,hindlegL,0.011493131813210277
1494,hindlegL,0.06444492519934378
1495,hindlegL,0.004573629861328526
1496,hindlegL,0.019584734226650597
1497,hindlegL,0.011966016102389919
1498,hindlegL,0.0218442744573245
1499,hindlegL,0.035603564493600616
1500,hindlegL,0.10314664612783833
1501,hindlegL,0.050488801290838964
1502,hindlegL,1.2361562077498622
1503,hindlegL,0.04395534506056848
1504,hindlegL,0.036985903117651195
1505,hindlegL,0.021408699493313053
1506,hindlegL,0.018298759565598677
1507,hindlegL,0.03560915246417924
1508,hindlegL,0.06172934734435433
1509,hindlegL,0.05321547927712461
1510,hindlegL,0.04422105640022938
1511,hindlegL,0.036431304544303704
1512,hindlegL,0.036460886967750086
1513,hindlegL,0.031002181260492843
1514,hindlegL,0.011450092128482891
1515,hindlegL,
1516,hindlegL,0.017880335844958437
1517,hindlegL,0.01746004505489535
1518,hindlegL,
1519,hindlegL,0.031010951370475732
1520,hindlegL,0.0524881935876389
1521,hindlegL,0.02404959164932589
1522,hindlegL,0.048190148157319555
1523,hindlegL,0.03251146603904011
1524,hindlegL,0.039062463672378166
1525,hindlegL,0.013388297006539485
1526,hindlegL,0.02894192568704586
1527,hindlegL,0.021369727531198292
1528,hindlegL,0.0309556433188096
1529,hindlegL,0.03333983962952815
1530,hindlegL,0.026811499765061808
1531,hindlegL,0.009372748187596501
1532,hindlegL,0.04212495642950536
1533,hindlegL,0.025418240213283226
1534,hindlegL,0.023606598115877477
1535,hindlegL,0.032619503001749935
1536,hindlegL,0.10011701646324057
1537,hindlegL,0.01754275231605855
1538,hindlegL,0.025099282778266604
1539,hindlegL,0.031164894564711162
1540,hindlegL,0.04401135849326536
1541,hindlegL,0.03257279223329141
1542,hindlegL,0.04844169896089834
1543,hindlegL,0.02343706833186493
1544,hindlegL,0.05630807501704059
1545,hindlegL,0.07556632980639545
1546,hindlegL,0.03956429153208245
1547,hindlegL,0.06768720172397086
1548,hindlegL,0.05958668234614715
1549,hindlegL,0.04137083714084818
1550,hindlegL,0.014748393953820691
1551,hindlegL,0.005091504834922039
1552,hindlegL,0.18675994337452545
1553,hindlegL,0.040172439188182224
1554,hindlegL,0.022565050958563003
1555,hindlegL,0.14944048539717364
1556,hindlegL,0.032132544557937515
1557,hindlegL,2.308357607462831
1558,hindlegL,1.0876384681030737
1559,hindlegL,
1560,hindlegL,0.06051233814370385
1561,hindlegL,
1562,hindlegL,0.03750274120951355
1563,hindlegL,0.01900844468684191
1564,hindlegL,0.018249969411862008
1565,hindlegL,0.038372830897874945
1566,hindlegL,0.033497824919770686
1567,hindlegL,0.02706049762593118
1568,hindlegL,
1569,hindlegL,0.05085703377311489
1570,hindlegR,0.0073458736205530345
1571,hindlegR,0.02860125054769393
1572,hindlegR,0.0029985413567445228
1573,hindlegR,0.03037223987153389
1574,hindlegR,0.053937860470740714
1575,hindlegR,0.07358910920629047
1576,hindlegR,0.025897923194743017
1577,hindlegR,0.9488822935424014
1578,hindlegR,0.01969319166236641
1579,hindlegR,
1580,hindlegR,0.04020372729703138
1581,hindlegR,0.04833499755715125
1582,hindlegR,0.034532078262162966
1583,hindlegR,0.02445200399290555
1584,hindlegR,0.04927065452228853
1585,hindlegR,0.01690041092231867
1586,hindlegR,0.015464120550776228
1587,hindlegR,0.019073244487130415
1588,hindlegR,
1589,hindlegR,2.295607401458786
1590,hindlegR,0.024370922987894863
1591,hindlegR,0.022299259302430804
1592,hindlegR,0.028347847007345064
1593,hindlegR,
1594,hindlegR,0.045463696823556894
1595,hindlegR,
1596,hindlegR,0.005301005649219766
1597,hindlegR,0.006593782201842171
1598,hindlegR,
1599,hindlegR,0.002538259919005397
1600,hindlegR,0.03573537766660025
1601,hindlegR,0.010272911464703207
1602,hindlegR,0.016158978949534487
1603,hindlegR,0.019725669888402922
1604,hindlegR,
1605,hindlegR,0.024882767011940587
1606,hindlegR,0.019883236365932408
1607,hindlegR,0.02351037501226188
1608,hindlegR,0.032719625408426094
1609,hindlegR,0.02476167815178572
1610,hindlegR,0.03026527471536704
1611,hindlegR,0.0036031407912570433
1612,hindlegR,0.0511369872385854
1613,hindlegR,
1614,hindlegR,0.01118558947702893
1615,hindlegR,0.0014604556628952197
1616,hindlegR,
1617,hindlegR,0.01810226914527076
1618,hindlegR,0.03098203298138345
1619,hindlegR,0.9838999037769818
1620,hindlegR,0.029173853702342472
1621,hindlegR,0.020447183915601446
1622,hindlegR,0.06281820150049514
1623,hindlegR,2.3316645714411885
1624,hindlegR,
1625,hindlegR,0.023774269514186482
1626,hindlegR,0.004889067210363382
1627,hindlegR,0.01018751458458235
1628,hindlegR,0.02192961842108854
1629,hindlegR,0.007846435435272464
1630,hindlegR,0.05949212251336672
1631,hindlegR,0.014736793118304985
1632,hindlegR,0.05672794282064501
1633,hindlegR,0.046480332653160414
1634,hindlegR,0.042877800778150434
1635,hindlegR,
1636,hindlegR,0.0033693462480660747
1637,hindlegR,0.019770880455897612
1638,hindlegR,0.055578737519537944
1639,hindlegR,0.024876258963106752
1640,hindlegR,
1641,hindlegR,0.027872404122294078
1642,hindlegR,0.15288664252876152
1643,hindlegR,0.03543475970648583
1644,hindlegR,0.021474467944357773
1645,hindlegR,0.022242706625088902
1646,hindlegR,0.034911644858165884
1647,hindlegR,0.03489234494773581
1648,hindlegR,
1649,hindlegR,0.0836575722674315
1650,hindlegR,0.039836491404036646
1651,hindlegR,0.3176175191943718
1652,hindlegR,0.017060208647761217
1653,hindlegR,0.06817712024723671
1654,hindlegR,0.024612014413462568
1655,hindlegR,0.013682552671660367
1656,hindlegR,
1657,hindlegR,0.06191345853496424
1658,hindlegR,
1659,hindlegR,
1660,hindlegR,0.07805781628031953
1661,hindlegR,
1662,hindlegR,0.031042813826324213
1663,hindlegR,0.03598762150199013
1664,hindlegR,0.050136184240166304
1665,hindlegR,0.062469439713284565
1666,hindlegR,0.03514121894572343
1667,hindlegR,0.08472766206077997
1668,hindlegR,0.012223444117496336
1669,hindlegR,0.023821321220407816
1670,hindlegR,0.06471270877201474
1671,hindlegR,0.0095983287799809
1672,hindlegR,0.1952365014616282
1673,hindlegR,0.056013762351856275
1674,hindlegR,0.06231338018955894
1675,hindlegR,
1676,hindlegR,0.029461216471889432
1677,hindlegR,0.03679925256361313
1678,hindlegR,0.027721477924045522
1679,hindlegR,0.06361645102216179
1680,hindlegR,0.032980710851815004
1681,hindlegR,0.06067991979763712
1682,hindlegR,0.04021293390244267
1683,hindlegR,0.033018696922522545
1684,hindlegR,0.008974306903114264
1685,hindlegR,0.01640273352183261
1686,hindlegR,0.011418817243738695
1687,hindlegR,0.05681967350696639
1688,hindlegR,0.05674664082004338
1689,hindlegR,0.02545690325567981
1690,hindlegR,0.054093355596819284
1691,hindlegR,0.018375289598583096
1692,hindlegR,0.20149999272107794
1693,hindlegR,0.030530921911027447
1694,hindlegR,0.06038257454002889
1695,hindlegR,0.04390636522007055
1696,hindlegR,0.03088119340386238
1697,hindlegR,0.04927065452228853
1698,hindlegR,0.01690041092231867
1699,hindlegR,0.015464120550776228
1700,hindlegR,0.019073244487130415
1701,hindlegR,0.015029793079484002
1702,hindlegR,0.019611804393832165
1703,hindlegR,0.3759767032782727
1704,hindlegR,0.08558861194533934
1705,hindlegR,0.04733582885847904
1706,hindlegR,0.025440757156989183
1707,hindlegR,0.0028856106464793074
1708,hindlegR,0.04621577276970034
1709,hindlegR,1.3137732576005892
1710,hindlegR,0.030505406207733024
1711,hindlegR,0.055752537809158106
1712,hindlegR,
1713,hindlegR,0.04744453648081293
1714,hindlegR,2.2878932915604304
1715,hindlegR,
1716,hindlegR,0.07339905298306329
1717,hindlegR,0.03995645488326668
1718,hindlegR,0.011773604451011914
1719,hindlegR,0.00631933585932484
1720,hindlegR,0.017647055979595573
1721,hindlegR,0.0023435846477986334
1722,hindlegR,0.05396058003553481
1723,hindlegR,0.02227452020968824
1724,hindlegR,0.011873029573711173
1725,hindlegR,
1726,hindlegR,0.039253570949266514
1727,wingL,0.05215185786235236
1728,wingL,0.04186053929196435
1729,wingL,0.04129965415785542
1730,wingL,0.03987701425748568
1731,wingL,0.02852752519641207
1732,wingL,0.017302699322107318
1733,wingL,0.02033820694168206
1734,wingL,0.17528713365449808
1735,wingL,0.025020375307979733
1736,wingL,0.029359890836293853
1737,wingL,0.021739173584161848
1738,wingL,0.17118739876315722
1739,wingL,0.05920203781650602
1740,wingL,0.01730310547076194
1741,wingL,0.03709862904833268
1742,wingL,0.06536078693963929
1743,wingL,0.024499046941571227
1744,wingL,0.030521693000431043
1745,wingL,0.023216347136867207
1746,wingL,0.08882723199324982
1747,wingL,0.020829788911979646
1748,wingL,0.044044310557416005
1749,wingL,0.0549489499309164
1750,wingL,0.03644354268194011
1751,wingL,0.037568474578553536
1752,wingL,0.01699547026684296
1753,wingL,0.03533744848634278
1754,wingL,0.022079920849309168
1755,wingL,0.07990407296103703
1756,wingL,0.023012652725547696
1757,wingL,0.00730324284180357
1758,wingL,0.03544079522868881
1759,wingL,0.04797436446518023
1760,wingL,0.0106363104590648
1761,wingL,0.053758062062739406
1762,wingL,0.06830640835998199
1763,wingL,0.023140988522030996
1764,wingL,0.026655736165818702
1765,wingL,0.09429039325347574
1766,wingL,0.02181382297994169
1767,wingL,0.0335038817239412
1768,wingL,0.03258969627678731
1769,wingL,0.009458415810784205
1770,wingL,0.06843061042965809
1771,wingL,0.024439740678688582
1772,wingL,0.03909995840274216
1773,wingL,0.013107703824577294
1774,wingL,0.0540114306184101
1775,wingL,0.020421111320489765
1776,wingL,0.0325625284401128
1777,wingL,0.0052313223456223155
1778,wingL,0.049179246342542754
1779,wingL,0.0374647288991992
1780,wingL,0.1705466196001444
1781,wingL,0.016071471154905963
1782,wingL,0.01512335652332613
1783,wingL,0.04140963342310323
1784,wingL,0.07567576781313684
1785,wingL,0.01798318886303315
1786,wingL,0.08078169375879722
1787,wingL,0.04074555102122596
1788,wingL,0.08896623560550561
1789,wingL,0.020907779697646112
1790,wingL,0.03258545286793409
1791,wingL,0.03781889652354615
1792,wingL,0.04671865139948492
1793,wingL,0.012368741883690164
1794,wingL,0.027075287666627597
1795,wingL,0.014583702704829107
1796,wingL,0.0728782078352997
1797,wingL,0.02669178982684843
1798,wingL,0.03359708381775082
1799,wingL,0.03131361409289271
1800,wingL,0.006329390446184229
1801,wingL,0.011247215978955854
1802,wingL,0.04337254297246006
1803,wingL,0.03266972963058366
1804,wingL,0.05002453005951604
1805,wingL,0.012799921467932322
1806,wingL,0.021124630675379362
1807,wingL,0.061410704110801975
1808,wingL,0.01122123582323034
1809,wingL,0.04149116126452789
1810,wingL,0.047011271047030456
1811,wingL,0.021333463688896912
1812,wingL,0.06702208087414273
1813,wingL,0.020929247600187106
1814,wingL,0.042701243872401894
1815,wingL,0.005230553571192618
1816,wingL,0.030255297019234323
1817,wingL,0.09500629055169778
1818,wingL,0.038026219336097136
1819,wingL,0.03604314186553615
1820,wingL,0.8238755445574047
1821,wingL,0.040052560090148015
1822,wingL,0.031878064041665974
1823,wingL,0.02401259189130259
1824,wingL,0.012294000426254685
1825,wingL,0.06380313142181324
1826,wingL,0.028618907680800228
1827,wingL,0.04340213303766125
1828,wingL,0.029296051423004517
1829,wingL,0.3387681367165002
1830,wingL,0.03770328142598423
1831,wingL,0.02688288351113764
1832,wingL,0.20930598650731472
1833,wingL,0.025764362304536204
1834,wingL,0.035755338476273525
1835,wingL,0.013888929559880102
1836,wingL,0.06526129400725145
1837,wingL,0.0009790836556597031
1838,wingL,0.013094882533990571
1839,wingL,0.03652604912165859
1840,wingL,0.006080876434041206
1841,wingL,0.024978820907662878
1842,wingL,0.02742548277096698
1843,wingL,0.012680444820125921
1844,wingL,0.011217679060596878
1845,wingL,0.04578406063280263
1846,wingL,0.028362009886157
1847,wingL,0.07590229646562226
1848,wingL,0.02740600797496354
1849,wingL,0.06524970440734332
1850,wingL,0.06508685587896197
1851,wingL,0.04932110878475346
1852,wingL,0.01256207344950725
1853,wingL,0.017068957124253253
1854,wingL,0.03709862904833268
1855,wingL,0.06536078693963929
1856,wingL,0.024499046941571227
1857,wingL,0.030521693000431043
1858,wingL,0.015738788046600255
1859,wingL,0.1003177085920603
1860,wingL,0.04048024934859831
1861,wingL,0.02677802664278446
1862,wingL,0.028109227764675695
1863,wingL,0.005363643864704946
1864,wingL,0.03057701644592304
1865,wingL,0.015625607380017285
1866,wingL,0.045459934117168456
1867,wingL,0.05727607319495171
1868,wingL,0.07526400087236937
1869,wingL,0.07207035544801942
1870,wingL,0.0277287749404819
1871,wingL,0.08143545574941016
1872,wingL,0.01472290390557673
1873,wingL,0.08366185880713145
1874,wingL,0.026972403366597078
1875,wingL,0.10046976363520571
1876,wingL,0.009664513524118354
1877,wingL,0.017404598877813725
1878,wingL,0.00867759496497379
1879,wingL,0.10985293220747011
1880,wingL,0.01173871442149601
1881,wingL,0.0209528537241032
1882,wingL,0.01097792324848457
1883,wingL,0.028869482511128353
1884,wingR,0.04109355635794275
1885,wingR,0.02498919596880035
1886,wingR,0.13464310239445135
1887,wingR,0.06305797612715837
1888,wingR,0.032117082246545345
1889,wingR,0.043431206271706026
1890,wingR,0.03648717005528306
1891,wingR,0.2869394201444866
1892,wingR,0.03821088123205333
1893,wingR,0.02178069560770222
1894,wingR,0.02817125867890817
1895,wingR,0.04175342726538636
1896,wingR,0.05408369253605972
1897,wingR,0.006894879630891608
1898,wingR,0.033666793095361094
1899,wingR,0.052566133189696995
1900,wingR,0.0340506310823613
1901,wingR,0.020850286087397616
1902,wingR,0.06672295427120527
1903,wingR,0.24234486182887058
1904,wingR,0.01938822703498365
1905,wingR,0.015123995039980865
1906,wingR,0.025914810621177314
1907,wingR,0.015079335873442908
1908,wingR,0.022957076859595676
1909,wingR,0.03492004948663596
1910,wingR,0.025355387130471925
1911,wingR,0.028043233259232216
1912,wingR,0.06592396416974024
1913,wingR,0.05516001481341188
1914,wingR,0.0276577197139815
1915,wingR,0.006339364488514028
1916,wingR,0.045943896701817706
1917,wingR,0.07845359550788335
1918,wingR,0.09940624879271422
1919,wingR,0.08438497879422589
1920,wingR,0.03968325914706242
1921,wingR,0.007823626070145206
1922,wingR,0.03649880584968423
1923,wingR,0.038819537268596244
1924,wingR,0.055512922990278324
1925,wingR,0.03805414910049436
1926,wingR,0.021559703221534374
1927,wingR,0.0718473267771888
1928,wingR,0.015135966294691567
1929,wingR,0.035480488336661856
1930,wingR,0.022437515839517443
1931,wingR,0.055507825298892866
1932,wingR,0.06601019070409096
1933,wingR,0.014261274490695027
1934,wingR,0.033865215774029664
1935,wingR,0.0545003677654349
1936,wingR,0.02840117024986013
1937,wingR,0.23533373091204132
1938,wingR,0.009920249229911113
1939,wingR,0.03739017557554835
1940,wingR,0.07573472827584561
1941,wingR,0.01438173989472337
1942,wingR,0.04602149372840957
1943,wingR,0.04224807141317788
1944,wingR,0.026676080643839445
1945,wingR,0.020312839310560157
1946,wingR,0.011971214642314935
1947,wingR,0.06466746539996758
1948,wingR,0.017850138296689733
1949,wingR,0.04060399393706935
1950,wingR,0.03128470533319915
1951,wingR,0.03453551854685864
1952,wingR,0.023030971036840854
1953,wingR,0.03543749048074067
1954,wingR,0.015769940503493108
1955,wingR,0.045282105178790236
1956,wingR,0.06139288941668607
1957,wingR,0.04572999676907467
1958,wingR,0.009669969376254528
1959,wingR,0.053073960483185224
1960,wingR,0.03902474130554789
1961,wingR,0.029373778877768392
1962,wingR,0.027840187581246525
1963,wingR,0.01645474801060651
1964,wingR,0.03804474620688799
1965,wingR,0.03118927270455776
1966,wingR,0.053191754660980875
1967,wingR,0.02120343931550384
1968,wingR,0.025142122093689413
1969,wingR,0.03943881020699963
1970,wingR,0.017528769075912155
1971,wingR,0.030916840503776355
1972,wingR,0.007900220828042146
1973,wingR,0.03146590348971891
1974,wingR,0.01905530386537076
1975,wingR,0.0673260054585226
1976,wingR,0.049178277186374575
1977,wingR,
1978,wingR,0.047958857853942244
1979,wingR,0.04460078846140306
1980,wingR,0.014293539977190442
1981,wingR,0.008921132288119946
1982,wingR,0.004310484750180846
1983,wingR,0.026781722859769933
1984,wingR,0.038292621951492765
1985,wingR,0.020012142015180773
1986,wingR,0.04761042557065439
1987,wingR,0.03891086370010007
1988,wingR,0.014104213684569634
1989,wingR,0.2856576379414009
1990,wingR,0.02939244721089117
1991,wingR,0.030376099845753235
1992,wingR,0.016472615239976302
1993,wingR,0.01236508791146373
1994,wingR,0.001280678857312565
1995,wingR,0.01860368218725141
1996,wingR,0.032249085638511754
1997,wingR,0.0081719474395124
1998,wingR,0.03216818477169727
1999,wingR,0.02928998660375496
2000,wingR,0.04302326810535758
2001,wingR,0.022667362642304352
2002,wingR,0.07317834267067767
2003,wingR,
2004,wingR,0.06869293323933152
2005,wingR,0.024397582752757087
2006,wingR,0.1098124715388495
2007,wingR,0.03413333660018075
2008,wingR,0.037966701713813666
2009,wingR,0.03650912405237816
2010,wingR,0.03497619713727284
2011,wingR,0.033666793095361094
2012,wingR,0.052566133189696995
2013,wingR,0.0340506310823613
2014,wingR,0.020850286087397616
2015,wingR,0.037976666314791956
2016,wingR,0.04843310850772457
2017,wingR,0.0633324270715062
2018,wingR,0.04851829957184475
2019,wingR,0.016773713089637533
2020,wingR,0.022833549168575617
2021,wingR,0.0051308102302467466
2022,wingR,0.05487328040920772
2023,wingR,0.029011088680232135
2024,wingR,0.09671089817929376
2025,wingR,0.13604995595976418
2026,wingR,0.053628316475699496
2027,wingR,0.05741592270062868
2028,wingR,0.08404085200024815
2029,wingR,0.05032137630919916
2030,wingR,0.054314956465301725
2031,wingR,0.009686169727768824
2032,wingR,0.03327256136985213
2033,wingR,0.03816238455791143
2034,wingR,0.07729797054592791
2035,wingR,0.0296797642311947
2036,wingR,0.035357031212161515
2037,wingR,0.039959724020422034
2038,wingR,0.03564758851769347
2039,wingR,0.006684567266600509
2040,wingR,0.022751153658142505
2041,proboscis,
2042,proboscis,
2043,proboscis,
2044,proboscis,
2045,proboscis,
2046,proboscis,
2047,proboscis,
2048,proboscis,
2049,proboscis,
2050,proboscis,
2051,proboscis,
2052,proboscis,
2053,proboscis,
2054,proboscis,
2055,proboscis,
2056,proboscis,
2057,proboscis,
2058,proboscis,
2059,proboscis,
2060,proboscis,
2061,proboscis,
2062,proboscis,
2063,proboscis,
2064,proboscis,
2065,proboscis,
2066,proboscis,
2067,proboscis,
2068,proboscis,
2069,proboscis,
2070,proboscis,
2071,proboscis,0.06562240618249107
2072,proboscis,
2073,proboscis,
2074,proboscis,0.015427361831626525
2075,proboscis,
2076,proboscis,
2077,proboscis,
2078,proboscis,
2079,proboscis,
2080,proboscis,
2081,proboscis,
2082,proboscis,
2083,proboscis,
2084,proboscis,
2085,proboscis,
2086,proboscis,
2087,proboscis,
2088,proboscis,
2089,proboscis,
2090,proboscis,
2091,proboscis,
2092,proboscis,
2093,proboscis,
2094,proboscis,
2095,proboscis,
2096,proboscis,
2097,proboscis,
2098,proboscis,
2099,proboscis,
2100,proboscis,
2101,proboscis,
2102,proboscis,
2103,proboscis,
2104,proboscis,
2105,proboscis,0.03406701541013545
2106,proboscis,
2107,proboscis,
2108,proboscis,
2109,proboscis,
2110,proboscis,
2111,proboscis,
2112,proboscis,
2113,proboscis,0.058758704858205564
2114,proboscis,
2115,proboscis,0.06743988518617476
2116,proboscis,
2117,proboscis,
2118,proboscis,
2119,proboscis,
2120,proboscis,
2121,proboscis,
2122,proboscis,
2123,proboscis,
2124,proboscis,
2125,proboscis,
2126,proboscis,0.028005872366291987
2127,proboscis,
2128,proboscis,
2129,proboscis,
2130,proboscis,
2131,proboscis,
2132,proboscis,
2133,proboscis,
2134,proboscis,
2135,proboscis,
2136,proboscis,
2137,proboscis,
2138,proboscis,
2139,proboscis,0.020132220105734518
2140,proboscis,
2141,proboscis,0.08157777227243779
2142,proboscis,
2143,proboscis,
2144,proboscis,
2145,proboscis,
2146,proboscis,
2147,proboscis,
2148,proboscis,
2149,proboscis,
2150,proboscis,
2151,proboscis,
2152,proboscis,
2153,proboscis,
2154,proboscis,
2155,proboscis,0.021705894016539662
2156,proboscis,
2157,proboscis,
2158,proboscis,
2159,proboscis,
2160,proboscis,
2161,proboscis,
2162,proboscis,
2163,proboscis,
2164,proboscis,
2165,proboscis,
2166,proboscis,
2167,proboscis,
2168,proboscis,
2169,proboscis,
2170,proboscis,
2171,proboscis,
2172,proboscis,
2173,proboscis,
2174,proboscis,
2175,proboscis,
2176,proboscis,
2177,proboscis,
2178,proboscis,
2179,proboscis,
2180,proboscis,
2181,proboscis,
2182,proboscis,
2183,proboscis,
2184,proboscis,
2185,proboscis,
2186,proboscis,
2187,proboscis,
2188,proboscis,
2189,proboscis,
2190,proboscis,
2191,proboscis,
2192,proboscis,0.03806872604323452
2193,proboscis,
2194,proboscis,
2195,proboscis,
2196,proboscis,
2197,proboscis,
