epoch,abdomen,eyeL,eyeR,forelegL,forelegR,head,hindlegL,hindlegR,loss,lr,midlegL,midlegR,proboscis,thorax,val_abdomen,val_eyeL,val_eyeR,val_forelegL,val_forelegR,val_head,val_hindlegL,val_hindlegR,val_loss,val_midlegL,val_midlegR,val_proboscis,val_thorax,val_wingL,val_wingR,wingL,wingR
0,0.0005954509251751006,0.0005905909929424524,0.0005908546736463904,0.0005405890988186002,0.0005430756718851626,0.0005867339787073433,0.0005620772717520595,0.0005626066704280674,0.0005375163163989782,1e-04,0.0005647044745273888,0.0005600539734587073,5.390237129176967e-05,0.0005712135462090373,0.0005936516681686044,0.000587178859859705,0.0005871813627891243,0.000517101027071476,0.0005479745450429618,0.0005824595573358238,0.0005727476091124117,0.0005609877407550812,0.0005295021692290902,0.00054502475541085,0.0005493127391673625,4.2020543332910165e-05,0.0005224155611358583,0.0006024076719768345,0.0006025671609677374,0.0006019079592078924,0.0006014658720232546
1,0.0005484441062435508,0.000534924678504467,0.0005443202098831534,0.0005382329109124839,0.0005383382085710764,0.0004998090444132686,0.0005601839511655271,0.0005616634152829647,0.0005096407840028405,1e-04,0.0005616965936496854,0.0005586371989920735,5.332782893674448e-05,0.00047827293747104704,0.0004295682592783123,0.0004106302512809634,0.00042782194213941693,0.000516367785166949,0.0005465197609737515,0.00039759062929078937,0.0005727465613745153,0.0005605854676105082,0.00045736381434835494,0.0005442198016680777,0.0005485499859787524,4.481528958422132e-05,0.00038857190520502627,0.0005073285428807139,0.000507779186591506,0.000578049395699054,0.0005790668656118214
2,0.00031549003324471414,0.0003504047926981002,0.00035841032513417304,0.0005352497682906687,0.0005358537309803069,0.00031591361039318144,0.0005579719436354935,0.0005596347618848085,0.0004187040321994573,1e-04,0.0005591955268755555,0.0005566717591136694,5.292965215630829e-05,0.00026759455795399845,0.00021698269119951874,0.0002549909695517272,0.0002819895453285426,0.000504111812915653,0.0005319410120137036,0.0002484683063812554,0.0005636224523186684,0.0005518810939975083,0.0003780002298299223,0.000535101571585983,0.0005411122110672295,4.065700341016054e-05,0.0002287661045556888,0.0003808909677900374,0.00041148628224618733,0.0004423829959705472,0.00045415389467962086
3,0.0001925098622450605,0.0002618774014990777,0.0002682644408196211,0.00048548990162089467,0.0004737915878649801,0.00020728087110910565,0.0005240023601800203,0.0005327877006493509,0.0003468138165771961,1e-04,0.0005207759677432477,0.0005194926634430885,5.090027843834832e-05,0.0001829323882702738,0.00016967214469332248,0.0002353719755774364,0.00024413294158875942,0.0004036869795527309,0.00039261538768187165,0.0002169179788324982,0.000508662429638207,0.0005032903864048421,0.00031364342430606484,0.00046269100857898593,0.00047323532635346055,3.9509784983238205e-05,0.0002274814178235829,0.0002482619311194867,0.00026547833112999797,0.0003155256272293627,0.0003197600308340043
4,0.00016526607214473188,0.00024387000303249806,0.0002476540394127369,0.0003923130570910871,0.00037363573210313916,0.00018319959053769708,0.0004614629433490336,0.00047003303188830614,0.0003033572866115719,1e-04,0.0004649527254514396,0.0004722823796328157,4.911793803330511e-05,0.00016878846508916467,0.0001609496830496937,0.00020925035641994327,0.0002213185653090477,0.0003431995282880962,0.0003544687060639262,0.00018298720533493906,0.0004454369773156941,0.0004123866092413664,0.0002784477546811104,0.0004405232612043619,0.0004567003343254328,3.623635711846873e-05,0.00015937969146762043,0.00023692791000939906,0.00023850232537370175,0.0002786389668472111,0.00027578879962675273
5,0.00014863739488646388,0.00022616064234171063,0.00023211554798763245,0.00034723663702607155,0.0003269494918640703,0.00015919141878839582,0.000368634209735319,0.00038389829569496214,0.0002691467525437474,1e-04,0.0004306840128265321,0.00043770638876594603,4.6001659939065576e-05,0.0001582722761668265,0.00013335324183572084,0.0002069103647954762,0.00021192860731389374,0.00029716957942582667,0.000301774445688352,0.0001563971018185839,0.000342470477335155,0.00031871855026111007,0.0002380115765845403,0.000375042058294639,0.00037426347262226045,3.349909820826724e-05,0.00015831494238227606,0.0002082423452520743,0.00021407855092547834,0.0002527197648305446,0.00024985047639347613
6,0.00013305667380336672,0.00021328558796085417,0.0002209202793892473,0.00031930874683894217,0.0003029529470950365,0.00014583347365260124,0.0003129074757453054,0.0003300887765362859,0.0002377101336605847,1e-04,0.00034927926026284695,0.0003532519331201911,4.081940642208792e-05,0.00014786171959713101,0.00016190929454751313,0.00018655315216165036,0.00020829621644224972,0.00029543170239776373,0.0002997907577082515,0.00014700616884510964,0.00035204607411287725,0.0003254616749472916,0.00022909435210749507,0.0003192431468050927,0.00031786548788659275,2.640635284478776e-05,0.00015130848623812199,0.00021036301041021943,0.00020563910948112607,0.00023163229343481362,0.0002267434902023524
7,0.00012978934682905674,0.00020175617828499526,0.0002120225690305233,0.0003070909879170358,0.0002889040333684534,0.0001359390589641407,0.0002951461647171527,0.00030462665017694235,0.000222877599298954,1e-04,0.00030820921529084444,0.000313777505652979,3.527364242472686e-05,0.0001421672641299665,0.00013022968778386712,0.00018613252905197442,0.00018995910068042576,0.00025899213505908847,0.0002534272789489478,0.00014351312711369246,0.00027608481468632817,0.00027882683207280934,0.0002005123533308506,0.00026762328343465924,0.00027228478575125337,2.0003721147077158e-05,0.0001495006144978106,0.00018398482643533498,0.00019661072292365134,0.00022300294949673116,0.0002225793432444334
8,0.00012820989650208503,0.00019450497347861528,0.0002063693100353703,0.00028477280284278095,0.00027126408531330526,0.00012754533963743597,0.0002758762566372752,0.00027896329993382096,0.00020936541841365397,1e-04,0.00028316176030784845,0.0002861575921997428,3.117537562502548e-05,0.00014267521328292787,0.00011236035061301664,0.00016209317254833877,0.0001795686112018302,0.00024589989334344864,0.000251173012657091,0.00012341391993686557,0.0002549684722907841,0.00025917956372722983,0.00018855433154385537,0.00026897789211943746,0.000270722433924675,1.97036952158669e-05,0.00013431647676043212,0.00017863564426079392,0.000178747926838696,0.00021375465439632535,0.0002066848101094365
9,0.00011625114711932838,0.0001900363713502884,0.000199022120796144,0.00027446422609500587,0.00026054357294924557,0.00012332748156040907,0.00025969630223698914,0.000267728726612404,0.0001989969314308837,1e-04,0.0002640711609274149,0.00026652071392163634,2.8202015528222546e-05,0.00013629406748805195,0.00011582386650843546,0.0001534404291305691,0.00016982181114144623,0.0002368330315221101,0.0002671440888661891,0.00013165119162295014,0.00024566982756368816,0.00024354510242119431,0.00018158915918320417,0.0002232791157439351,0.000260782748227939,2.2221918698051013e-05,0.00013640974066220224,0.00016990091535262764,0.00016572496679145843,0.00020204769680276513,0.00019774925021920353
10,0.00011254188575549051,0.0001834437862271443,0.0001904906239360571,0.0002601247688289732,0.0002445600985083729,0.00011609814828261733,0.0002495966909918934,0.00025103549705818295,0.00018938994617201388,1e-04,0.0002533954393584281,0.000247490155743435,2.6976415028912015e-05,0.0001277412084164098,0.00012129609240218997,0.0001547223946545273,0.00017618274432606995,0.0002503073774278164,0.0002429313026368618,0.00011467621516203508,0.0002407180581940338,0.00024856056552380323,0.00018228621047455817,0.0002380882069701329,0.0002758181362878531,2.1564288545050658e-05,0.00012351054465398192,0.0001844084617914632,0.00015922296734061092,0.0001970352022908628,0.0001909279526444152
11,0.00011179428838659078,0.0001816435978980735,0.00018814991926774383,0.00025267849559895694,0.0002410595043329522,0.000113499685539864,0.00024648927501402795,0.00024208324612118304,0.0001851207489380613,1e-04,0.00024231478164438158,0.00023795060405973345,2.549948840169236e-05,0.00013036154268775135,0.00011080457625212148,0.00015646057727281004,0.00015891836665105075,0.0002505978918634355,0.00023516913643106818,0.0001118967920774594,0.00023534757201559842,0.00024188424868043512,0.00017870317969936877,0.00023698084987699986,0.0002498301910236478,1.6761534425313585e-05,0.00014370642020367086,0.00017200146976392716,0.0001814849820220843,0.0001922189985634759,0.00018594549328554422
12,0.00010307398770237342,0.00017578106781002134,0.00018155956058762968,0.0002406044368399307,0.00022494106087833643,0.000106734674773179,0.00022927613463252783,0.00023221479204948992,0.0001755133707774803,1e-04,0.0002296508027939126,0.00022687282762490213,2.6102952688233927e-05,0.00012266667908988893,9.212992154061794e-05,0.00016960609355010092,0.00017627562920097262,0.0002425220445729792,0.00022921842173673213,0.00011508468014653772,0.00022008057567290962,0.0002463203272782266,0.0001695842220215127,0.0002150144864572212,0.00023244007024914026,1.7292837583227083e-05,0.00012300247908569872,0.00014586404722649604,0.00014932769408915192,0.00017958131502382457,0.00017812580335885286
13,0.00010020525223808363,0.00016979986685328186,0.00017877684149425477,0.00023302655608858913,0.00021856733656022698,0.0001045893513946794,0.000223030976485461,0.00022438359155785292,0.00016991123266052455,1e-04,0.00022094615269452333,0.00021755755005870014,2.4963930627563968e-05,0.0001202229832415469,0.00010546293924562633,0.00017865226254798472,0.00017986161401495337,0.00024778861552476883,0.00022037695453036577,0.0001291258231503889,0.00022875730064697564,0.00023733865236863494,0.00017952492635231465,0.00022451169206760824,0.0002480200491845608,1.7182972442242317e-05,0.00013500565546564758,0.00018614158034324646,0.00017512301565147936,0.00017339317128062248,0.00016929497360251844
14,9.99579206109047e-05,0.0001663737348280847,0.00017653536633588374,0.000222459202632308,0.0002161229058401659,0.00010161470709135756,0.0002155282418243587,0.0002207879297202453,0.00016721659631002694,1e-04,0.00021189948893152177,0.00021769276645500213,2.332172152819112e-05,0.00012134559801779687,8.774916204856709e-05,0.0001505297695985064,0.00016238859097938985,0.00023210399376694113,0.0002237770677311346,0.0001020000854623504,0.00021735404152423143,0.00022514269221574068,0.0001615083310753107,0.00021882829605601728,0.00023752287961542606,2.0573103029164486e-05,0.00010850629769265652,0.0001315987465204671,0.00014304229989647865,0.00017654598923400044,0.00017084696446545422
15,0.00010136071796296164,0.00016407149087172002,0.0001718070125207305,0.00021427121828310192,0.00021331384778022766,0.0001002795688691549,0.0002118809352396056,0.00021588252275250852,0.00016300506831612438,1e-04,0.00020774624135810882,0.00020254126866348088,2.2566904590348713e-05,0.00011869337322423235,0.00010755611583590508,0.00015535079000983387,0.00017045198183041066,0.00023298794985748827,0.00023248717479873449,0.00013454409781843424,0.0002207046636613086,0.0002338482008781284,0.00017561820277478546,0.00021091842791065574,0.0002467834565322846,1.9173086911905557e-05,0.0001612886699149385,0.0001688766060397029,0.00016368353681173176,0.00017226600903086364,0.00016539127682335675
16,9.690343722468242e-05,0.0001580069656483829,0.00016716243408154696,0.00020900860545225441,0.00019900464394595474,9.924206824507564e-05,0.0002060581318801269,0.00020667933858931065,0.00015795526269357651,1e-04,0.0002026659349212423,0.00020016712369397283,2.2206526409718208e-05,0.00011407244892325252,0.00010568377183517441,0.00016266365128103644,0.0001635825028643012,0.000236609106650576,0.00021428779291454703,0.00011070794425904751,0.0002290676929987967,0.00021835284132976085,0.00016962560766842216,0.00022606232960242778,0.00023685309861321002,1.7772759747458622e-05,0.00013749250501859933,0.00015072899986989796,0.0001648933975957334,0.00016842452168930322,0.00016177239012904465
17,9.435477841179818e-05,0.00015535252168774605,0.00016583508113399148,0.00020307103113736957,0.00019671964400913566,9.826171299209818e-05,0.00020375194435473531,0.0002013649936998263,0.0001542481768410653,1e-04,0.00019603024702519178,0.00018888834165409207,2.1579311578534544e-05,0.0001130642049247399,9.214360034093261e-05,0.0001537444768473506,0.00015349354362115264,0.0002454417117405683,0.00021866218594368547,0.00011529290350154042,0.00022467999951913953,0.00020994700025767088,0.00016315268294420093,0.00019712002540472895,0.00022951133723836392,1.990377131733112e-05,0.0001286541810259223,0.0001413381251040846,0.0001542051904834807,0.0001630236947676167,0.000158176408149302
18,9.14021220523864e-05,0.00014997606922406703,0.00015909523062873632,0.00019987195264548063,0.00019166438141837716,9.26758220884949e-05,0.00019514669838827103,0.0001958648645086214,0.00014925628784112632,1e-04,0.00018756410281639546,0.00018590719264466316,1.9534425518941134e-05,0.00010889676195802167,0.00010356600250815973,0.00015333763440139592,0.00016335795226041228,0.00023117127420846373,0.00020898037473671138,0.00011861434177262709,0.00021494869724847376,0.00020052265608683228,0.00016241130651906133,0.00021974417904857546,0.00021681607177015394,1.5906502085272223e-05,0.00013337464770302176,0.0001498021447332576,0.00014361570356413722,0.00015894130046945065,0.00015304704720620066
19,9.097185829887167e-05,0.00014345742238219827,0.00014800670032855123,0.0001855723821790889,0.00018137862207368016,9.036897972691804e-05,0.0001879058254417032,0.00018609981634654105,0.00014140972052700818,1e-04,0.00017919619858730584,0.0001712413359200582,1.828476888476871e-05,0.00010044474765891209,8.949827315518633e-05,0.00014989711053203791,0.00015739268565084785,0.00022881553741171956,0.00021389637549873441,0.00011629155051195994,0.0001996419596252963,0.00021308613941073418,0.0001568313455209136,0.00019105883256997913,0.00022037293820176274,1.7085032595787197e-05,0.00012495183909777552,0.00013746743206866086,0.00013618283264804631,0.00015017460100352764,0.00014663184992969036
20,8.76017875270918e-05,0.0001407710660714656,0.00014980572450440377,0.00018306328274775296,0.0001757318968884647,9.046617924468592e-05,0.00018109488883055747,0.00018034662934951484,0.00013835403660777956,1e-04,0.00016936339670792222,0.0001684301532804966,1.8418522813590243e-05,0.00010276195826008916,9.57740267040208e-05,0.00015294716286007315,0.00015737795911263674,0.00023609015624970198,0.00021424322039820254,0.00010117339115822688,0.00022522670042235404,0.00021368113812059164,0.00016497976321261376,0.0002109391789417714,0.00022023161000106484,1.9993702153442428e-05,0.00011907667067134753,0.00016526550462003797,0.00017769586702343076,0.00014883559197187424,0.00014026496501173824
21,8.418710785917938e-05,0.00013853717246092856,0.00014597138215322047,0.0001746549241943285,0.0001689264172455296,8.614223770564422e-05,0.00017319833568762988,0.00017780954658519477,0.0001344634365523234,1e-04,0.00016691666678525507,0.0001643534778850153,1.783675361366477e-05,9.929035149980336e-05,9.202845103573054e-05,0.00017075997311621904,0.00018566516519058496,0.0002196380082750693,0.00020933359337504953,0.00011558325059013441,0.0002111665962729603,0.00021327962167561054,0.00016362972382921726,0.00019939112826250494,0.0002071999479085207,1.473894008086063e-05,0.00013976161426398903,0.0001473264128435403,0.00016494379087816924,0.00014669315714854747,0.00013797113206237555
22,8.473035268252715e-05,0.00013469003897625953,0.00014005535922478884,0.000174244589288719,0.0001625517470529303,8.709391840966418e-05,0.00017092224152293056,0.00017415818001609296,0.00013144761032890528,1e-04,0.00016361639427486807,0.00015913834795355797,1.5930474546621554e-05,9.726540156407282e-05,0.00010474106238689274,0.00015229724522214383,0.00017391666187904775,0.0002155424008378759,0.0002163571771234274,0.00011367585102561861,0.00019831750250887126,0.00020650029182434082,0.00016310071805492043,0.00020178365230094641,0.00023239001166075468,1.6668718672008254e-05,0.00013965947437100112,0.00015701026131864637,0.0001545496197650209,0.00013918337936047465,0.0001366846263408661
23,8.43300367705524e-05,0.00012979278108105063,0.00013701834541279823,0.00016224451246671379,0.00015986739890649915,8.586924377596006e-05,0.0001634386135265231,0.00017270183889195323,0.00012779177632182837,1e-04,0.00015808931493666023,0.0001524059334769845,1.6494455849169753e-05,9.756450890563428e-05,0.00010098444181494415,0.00016760299331508577,0.00017480493988841772,0.00021698216733057052,0.00020841587684117258,0.00011712573177646846,0.00022553977032657713,0.00021912044030614197,0.00016798876458778977,0.00021197320893406868,0.00022368694772012532,1.8430091586196795e-05,0.0001482039806433022,0.0001563019905006513,0.00016267021419480443,0.00013846380170434713,0.00013080395001452416
24,8.564441668568179e-05,0.00013162694813217968,0.0001364119234494865,0.00015989452367648482,0.00015491318481508642,9.0016947069671e-05,0.00016247980238404125,0.000165891571668908,0.00012684977264143527,1e-04,0.00015534083649981767,0.00015047239139676094,1.700677239568904e-05,9.806990419747308e-05,9.291331662097946e-05,0.00013636458606924862,0.00015880654973443598,0.00020754634169861674,0.00019602089014369994,0.00010867930541280657,0.00020992518693674356,0.00020755035802721977,0.00015276088379323483,0.00018267944687977433,0.00021573812409769744,1.3982526979816612e-05,0.00011983137665083632,0.00014822103548794985,0.00014039366215001792,0.00013624555140268058,0.00013188070442993194
25,8.369642455363646e-05,0.00012712646275758743,0.00013243839202914387,0.00015709978470113128,0.0001509003050159663,8.53406818350777e-05,0.0001610305334907025,0.00016242999117821455,0.00012360606342554092,1e-04,0.00015317938232328743,0.00014140503481030464,1.6379783119191416e-05,9.684167889645323e-05,9.93690628092736e-05,0.00015077870921231806,0.00017453578766435385,0.00022117095068097115,0.0002097471442539245,0.00011643439211184159,0.00021884730085730553,0.0002133303351001814,0.00016422786575276405,0.00019980850629508495,0.00022370911028701812,2.0210063667036593e-05,0.0001380144531140104,0.00016073677397798747,0.00015249779971782118,0.00013494177255779505,0.0001276760158361867
26,8.219073788495734e-05,0.0001239991106558591,0.00013023252540733665,0.00015495542902499437,0.0001543326216051355,8.504051947966218e-05,0.0001553786132717505,0.00015510301454924047,0.00012206329847685993,1e-04,0.00015150832768995315,0.0001467406691517681,1.4495954019366764e-05,9.591040725354105e-05,8.808793791104108e-05,0.0001407992240274325,0.00015270717267412692,0.00020742164633702487,0.0001995797938434407,0.00010215109796263278,0.0002080467384075746,0.00020510645117610693,0.0001513057795818895,0.00018615374574437737,0.00020851529552601278,1.42475828397437e-05,0.00012534936831798404,0.00013617218064609915,0.00014394255413208157,0.00013294561358634382,0.00012605098891071975
27,7.897111936472356e-05,0.00011447214637883008,0.00012096436694264412,0.0001448507100576535,0.0001412685087416321,7.948510756250471e-05,0.0001475200551794842,0.0001518858189228922,0.00011460180394351482,1e-04,0.00014063389971852303,0.00013276506797410548,1.4493862181552686e-05,8.772603905526921e-05,0.00010151944297831506,0.00017043227853719145,0.0001649798359721899,0.00021700382058043033,0.00020311765547376126,0.00010950895375572145,0.00020589014457073063,0.00020855640468653291,0.0001601719413883984,0.00019710329070221633,0.00021732535969931632,1.5143551536311861e-05,0.0001264416059711948,0.00016086225514300168,0.000144522447953932,0.00012864246673416346,0.0001207464374601841
28,8.229914237745106e-05,0.0001161221953225322,0.00011969020852120593,0.00014171695511322469,0.0001367287477478385,8.341039210790768e-05,0.0001526267733424902,0.00014931695477571338,0.00011540439300006256,1e-04,0.00014343879593070596,0.00013584017870016396,1.374628391204169e-05,9.177746687782928e-05,0.00011651376553345472,0.0001685966708464548,0.00017851141456048936,0.0002386937412666157,0.00021445585298351943,0.0001275925460504368,0.00021345139248296618,0.00021577636653091758,0.0001755304983817041,0.00021479290444403887,0.00022729867487214506,1.562120087328367e-05,0.00016611845057923347,0.00017499292152933776,0.0001850105036282912,0.00012835055531468242,0.00012059664004482329
29,7.760151493130252e-05,0.00010976554767694324,0.00011482628178782761,0.00014330630074255168,0.00013622383994515985,7.910305430414155e-05,0.00014246327918954194,0.00014949421165511012,0.00011159975838381797,1e-04,0.0001354345731670037,0.00013073316949885339,1.3401987416727934e-05,9.098464215639979e-05,9.029418288264424e-05,0.00015019183047115803,0.00016444818174932152,0.00022468976385425776,0.00019627588335424662,0.00010229348845314234,0.0002142083685612306,0.00020810679416172206,0.0001559532101964578,0.00019827025244012475,0.00019706282182596624,1.6604704796918668e-05,0.0001256009127246216,0.00014408549759536982,0.00015121288015507162,0.00012250595318619162,0.00011655332491500303
30,7.701450522290543e-05,0.00010626815492287278,0.00011180971341673285,0.00013952110020909458,0.0001352152758045122,8.127916953526437e-05,0.0001430814591003582,0.00015108275692909956,0.00011115175584563985,1e-04,0.00013430175022222102,0.00013348975335247815,1.5941264791763388e-05,8.545171294827014e-05,8.10855781310238e-05,0.00014402627130039036,0.0001617138332221657,0.00021748675499111414,0.00020095276704523712,9.404990123584867e-05,0.00021288057905621827,0.00018889745115302503,0.00015452795196324587,0.0001964621915249154,0.00021561022731475532,1.8530345187173225e-05,0.0001222554565174505,0.00014879736409056932,0.00016064218652900308,0.00012326083378866315,0.0001184068969450891
31,7.513751916121691e-05,0.00010279279376845807,0.00011092117347288877,0.0001349370286334306,0.00013489231059793383,7.596960494993255e-05,0.000141388809424825,0.0001401623012498021,0.00010718961857492104,1e-04,0.0001330317318206653,0.00012985602370463312,1.4402909982891288e-05,8.567953045712784e-05,7.553771138191223e-05,0.00012051342491758987,0.00012972568219993263,0.00019471261475700885,0.00019237764354329556,7.696165994275361e-05,0.0001948450953932479,0.0002208393852924928,0.00014184419705998152,0.00020166949252597988,0.00020477003999985754,1.605267243576236e-05,9.983201744034886e-05,0.00012697835336439312,0.00013100264186505228,0.00011405407713027671,0.00010742896847659722
32,7.718210690654814e-05,0.00010326805931981653,0.00010812602704390883,0.00013052861322648823,0.00013498580665327609,7.973483297973871e-05,0.00013644143473356962,0.00013887147360946983,0.00010628456948325038,1e-04,0.00012939859880134463,0.00012723631516564637,1.4051207472220995e-05,8.507112215738744e-05,9.626922837924212e-05,0.0001502485974924639,0.00014626499614678323,0.00021043415472377092,0.00019031608826480806,9.572220005793497e-05,0.0002009579329751432,0.00021110342640895396,0.00014942976122256368,0.00018721868400461972,0.00020446963026188314,1.2991858966415748e-05,0.00012063545727869496,0.0001269034983124584,0.00013848119124304503,0.00011306742089800537,0.00011002040992025286
33,7.020919292699546e-05,9.570397378411144e-05,0.00010249845217913389,0.00012324612180236727,0.00012044276809319854,7.268303306773305e-05,0.00013093219604343176,0.0001315770932706073,0.00010011735139414668,1e-04,0.00012437747500371188,0.0001189538961625658,1.18591005957569e-05,7.885514060035348e-05,7.991545862751082e-05,0.00013493730511981994,0.00013723428128287196,0.00019657518714666367,0.00019024168432224542,9.315999341197312e-05,0.00019430559768807143,0.0002086317108478397,0.00014630708028562367,0.00020034174667671323,0.00022593079484067857,1.4933834791008849e-05,9.787998715182766e-05,0.0001398861058987677,0.00013432593550533056,0.00011414249456720427,0.00010616216604830697
34,7.287511834874749e-05,9.39185920287855e-05,9.903324826154858e-05,0.00011957300011999905,0.00011783748777816072,7.463639485649765e-05,0.0001300654112128541,0.00012939941370859742,9.862274600891396e-05,1e-04,0.00012393099314067513,0.00011324581282678992,1.2304789379413705e-05,7.895363523857668e-05,8.43025918584317e-05,0.00014067407755646855,0.00015794388309586793,0.00021464342717081308,0.00020076056534890085,9.41280959523283e-05,0.00020725456124637276,0.00021691057190764695,0.00015298112703021616,0.00019300890562590212,0.0002028723683906719,1.881912066892255e-05,0.00011564594751689583,0.00014528550673276186,0.0001494856842327863,0.000111169480078388,0.00010377474245615304
35,6.745720020262524e-05,9.029281500261277e-05,9.718137152958661e-05,0.00011406416888348758,0.00011404816905269399,7.063732482492924e-05,0.00012332086043898016,0.0001218857360072434,9.358178067486733e-05,1e-04,0.00011701734183588997,0.00011220062151551247,1.0798145922308322e-05,7.531746086897328e-05,9.876490366877988e-05,0.00015716209600213915,0.00016093607700895518,0.00020298112940508872,0.00020949036115780473,0.00011068020103266463,0.00020644449978135526,0.0002055563818430528,0.00015721366798970848,0.00019345059990882874,0.00020343072537798434,1.538360993436072e-05,0.00013106530241202563,0.0001523120590718463,0.000153333880007267,0.0001003942743409425,9.552970732329413e-05
36,6.97601426509209e-05,8.547266043024138e-05,9.049699292518198e-05,0.0001191344199469313,0.00011026118590962142,7.044895755825564e-05,0.00011628068750724196,0.00011744490620912984,9.095927816815674e-05,1e-04,0.00011207086208742112,0.00010369434312451631,1.0828033737197984e-05,7.320842269109562e-05,0.00010615781502565369,0.00015542912296950817,0.00015088400687091053,0.00021038379054516554,0.00018475751858204603,0.00010483019286766648,0.0002184066252084449,0.00022083453950472176,0.0001599342649569735,0.0002049650502158329,0.0002193963446188718,1.679487104411237e-05,0.00012754886120092124,0.000161324322107248,0.00015736652130726725,9.982569463318214e-05,9.450178913539276e-05
37,6.153868162073195e-05,7.869875116739422e-05,8.131422509904951e-05,0.00010180414392380044,0.0001002327844616957,6.472871609730646e-05,0.00010839762398973107,0.0001053821761161089,8.221749885706231e-05,5e-05,0.00010488462430657819,9.696935012470931e-05,9.808286449697334e-06,6.673527968814597e-05,9.896599658532068e-05,0.00014934463251847774,0.00014308856043498963,0.00020251436217222363,0.00020074758504051715,9.755960491020232e-05,0.0002063034917227924,0.00021844235016033053,0.00015227023686747998,0.00019296894606668502,0.0002085024316329509,1.3267084796098061e-05,0.00011655766138574108,0.00014634610852226615,0.00013717456022277474,8.862510730978101e-05,8.192589302780107e-05
38,5.823283936479129e-05,7.331923552555963e-05,7.789716619299725e-05,9.561855404172093e-05,9.535355638945475e-05,6.16301767877303e-05,9.917435090756044e-05,0.00010392869444331154,7.78817557147704e-05,5e-05,9.55212744884193e-05,9.503418550593778e-05,9.70616292761406e-06,6.193748413352296e-05,8.584935130784288e-05,0.0001346385251963511,0.0001435028825653717,0.00020801476784981787,0.0001891292486106977,8.908119343686849e-05,0.00018808862660080194,0.00020434243197087198,0.00014464807463809848,0.00018201929924543947,0.00019785707991104573,1.36382022901671e-05,0.00010978854697896168,0.00013969154679216444,0.0001394317951053381,8.482032717438415e-05,7.81708222348243e-05
39,5.796990080852993e-05,6.831554492237046e-05,7.409099634969607e-05,9.436409163754433e-05,9.220299398293719e-05,5.865463026566431e-05,0.0001000385673251003,9.973673877539113e-05,7.577144424431026e-05,5e-05,9.545403008814901e-05,9.253121970687062e-05,1.0487830877536908e-05,5.798742495244369e-05,7.314867252716795e-05,0.00011494122009025887,0.00012658162449952215,0.00018472818192094564,0.00018455833196640015,8.088849426712841e-05,0.00018494544201530516,0.0001906018005684018,0.00013225972361396998,0.00018135322898160666,0.00018734674085862935,1.307738602918107e-05,9.710637823445722e-05,0.00011866552085848525,0.00011369301500963047,8.217796857934445e-05,7.678823749301955e-05
40,5.2572919230442494e-05,6.460902659455314e-05,6.799076072638854e-05,8.483140118187293e-05,8.824756514513865e-05,5.3619285608874634e-05,9.264975233236328e-05,9.093515109270811e-05,6.998910248512402e-05,5e-05,8.852729661157355e-05,8.604637696407735e-05,1.0093021046486683e-05,5.580443030339666e-05,8.314524166053161e-05,0.00014161429135128856,0.00015713120228610933,0.0001949450233951211,0.00019105181854683906,9.201362263411283e-05,0.00019237599917687476,0.0002157739654649049,0.00014676962746307254,0.00018211368296761066,0.00020369570120237768,1.5597206584061496e-05,0.00010913397272815928,0.00013611592294182628,0.00014006665151100606,7.452280260622501e-05,6.93981783115305e-05
41,5.988077100482769e-05,6.838038825662807e-05,6.790653424104676e-05,8.953685755841434e-05,9.168823453364894e-05,5.8884175814455375e-05,9.53348571783863e-05,9.773926285561174e-05,7.495281170122325e-05,5e-05,9.617843170417473e-05,9.190406126435846e-05,8.66673781274585e-06,6.172889698063955e-05,6.941302126506343e-05,0.00012490633525885642,0.00013550165749620646,0.0001959288929356262,0.00018334208289161325,7.095794717315584e-05,0.00018053376697935164,0.00017505887080915272,0.00013099789794068784,0.00017845538968686014,0.00017790110723581165,1.3369795851758681e-05,0.00010103178647113964,0.00011185218318132684,0.00011571758659556508,8.133421943057328e-05,8.017558138817549e-05
42,5.645334022119641e-05,6.67661297484301e-05,7.168758020270616e-05,9.374293586006388e-05,9.258373029297218e-05,5.858786607859656e-05,9.300687088398263e-05,9.618433978175744e-05,7.401478796964511e-05,5e-05,9.20082675293088e-05,9.107743971981108e-05,1.026089012157172e-05,6.00766325078439e-05,8.624356269137934e-05,0.0001218911784235388,0.0001426467060809955,0.00020062328258063644,0.00018271665612701327,8.716279990039766e-05,0.00019158846407663077,0.0001995729107875377,0.00014126634050626308,0.00017408534768037498,0.000199954942218028,1.39174226205796e-05,0.00010954182653222233,0.0001308297214563936,0.0001369539968436584,8.029997843550518e-05,7.34717832528986e-05
43,5.876188515685499e-05,6.890220538480207e-05,7.322788587771356e-05,8.749315747991204e-05,8.977680408861488e-05,5.9681064158212394e-05,9.378043614560738e-05,9.43144696066156e-05,7.336085400311276e-05,5e-05,9.284645057050511e-05,9.053725807461888e-05,7.850499969208613e-06,5.6503686209907755e-05,8.935863297665492e-05,0.0001353183906758204,0.00014525406004395336,0.00019428005907684565,0.000183894851943478,9.95254740701057e-05,0.00020372214203234762,0.0002013695047935471,0.00014394444588106126,0.00017607012705411762,0.00020906812278553843,1.2986121873836964e-05,0.00012445187894627452,0.00011829103459604084,0.00012163188512204215,7.976557390065864e-05,7.361118332482874e-05
44,5.697147571481764e-05,6.355118239298463e-05,6.744386337231845e-05,8.570926001993939e-05,8.616836566943675e-05,5.5983662605285645e-05,9.267652785638347e-05,9.203347872244194e-05,7.09979358362034e-05,5e-05,9.197443432640284e-05,8.668836380820721e-05,9.41658072406426e-06,5.5615248129470274e-05,0.00010306886542821303,0.0001480401842854917,0.00015916135453153402,0.00021846622985322028,0.000204159616259858,0.00010078766354126856,0.00019548041746020317,0.00020514980133157223,0.00015312607865780592,0.0001899026974570006,0.0002060983533738181,1.2804642210539896e-05,0.00011687458754749969,0.00014143715088721365,0.0001423332723788917,7.766702765366063e-05,7.207128510344774e-05
45,5.3098479838809e-05,6.115117139415815e-05,6.498647417174652e-05,8.018209337024018e-05,8.285279909614474e-05,5.287283784127794e-05,8.856906788423657e-05,8.68583083502017e-05,6.761486292816699e-05,5e-05,8.741010969970375e-05,8.392040035687387e-05,9.210441021423321e-06,5.233618139754981e-05,8.39945423649624e-05,0.0001276660041185096,0.00014276287402026355,0.0001960201043402776,0.00018168165115639567,9.409857739228755e-05,0.00018030882347375154,0.00017979650874622166,0.0001370956451864913,0.0001843963109422475,0.00018922050367109478,1.4427723726839758e-05,0.00010553308675298467,0.00012377127131912857,0.00011566108150873333,7.414953142870218e-05,6.9010304287076e-05
46,5.758557381341234e-05,6.58649587421678e-05,6.778905662940815e-05,8.38664491311647e-05,8.654755220049992e-05,5.755956226494163e-05,9.219823550665751e-05,8.688577509019524e-05,7.052653381833807e-05,5e-05,9.08968286239542e-05,8.629804506199434e-05,1.0279160051140934e-05,5.3843446949031204e-05,8.28967968118377e-05,0.00012837795657105744,0.000144867182825692,0.00019737269030883908,0.00019062653882429004,7.899110642028973e-05,0.00018677202751860023,0.00019197590881958604,0.0001399662287440151,0.00017816585022956133,0.00021451896463986486,1.3532605407817755e-05,0.00010595729690976441,0.00012198364129289985,0.00012348839663900435,7.683566946070641e-05,7.09212472429499e-05
47,4.8591824452159926e-05,5.653807966155e-05,5.881039032828994e-05,7.83888463047333e-05,7.889391417847946e-05,5.108318873681128e-05,8.442893886240199e-05,8.094582881312817e-05,6.349370232783258e-05,2.5e-05,8.602264279033989e-05,7.666003511985764e-05,8.819713912089355e-06,4.7923982492648065e-05,8.18111511762254e-05,0.00013299283455125988,0.00014320352056529373,0.0001928458659676835,0.00018351624021306634,8.357378101209179e-05,0.0002035316138062626,0.00020476087229326367,0.0001423509675078094,0.00019266759045422077,0.00019666999287437648,1.427464303560555e-05,0.00010928559640888125,0.00012373393110465258,0.00013004560605622828,6.903586472617462e-05,6.276867497945204e-05
48,5.066304947831668e-05,5.508315734914504e-05,5.8412948419572785e-05,7.698836270719767e-05,7.804996857885271e-05,5.01682807225734e-05,8.159432036336511e-05,7.770604861434549e-05,6.223494710866362e-05,2.5e-05,8.313530997838825e-05,7.611085311509669e-05,7.096419722074643e-06,4.5835466153221205e-05,7.932406151667237e-05,0.00014567033213097602,0.00015718080976512283,0.00019876191799994558,0.00018766141147352755,9.714828775031492e-05,0.0001948919234564528,0.000200022550416179,0.00014574146189261228,0.0001868500403361395,0.00021289657161105424,1.5571520634694025e-05,0.00010704905434977263,0.00012536838767118752,0.00013198319356888533,6.786594894947484e-05,6.2578845245298e-05
49,5.252820119494572e-05,5.7400193327339366e-05,6.02855252509471e-05,7.577970973215997e-05,7.924559758976102e-05,5.345079625840299e-05,8.155001705745235e-05,8.462186815449968e-05,6.421643047360703e-05,2.5e-05,8.142465230775997e-05,8.252488623838872e-05,8.084244655037764e-06,4.9318463425152004e-05,7.993939652806148e-05,0.00013798594591207802,0.00015105561760719866,0.00020112872880417854,0.00018646448734216392,9.311050962423906e-05,0.00019208178855478764,0.00018802793056238443,0.0001439679617760703,0.00019857508596032858,0.00021001546701882035,1.413377049175324e-05,0.0001148485898738727,0.0001265517494175583,0.00012163236533524469,6.935360579518601e-05,6.346210284391418e-05
50,4.738168718176894e-05,5.466551738209091e-05,5.534095544135198e-05,7.295498653547838e-05,7.268456829478964e-05,4.8259473260259256e-05,8.019004599191248e-05,7.709363126195967e-05,6.028421557857655e-05,2.5e-05,8.004389383131638e-05,7.673948857700452e-05,7.674693733861204e-06,4.482150325202383e-05,8.198888826882467e-05,0.00013141141971573234,0.00014601978182327002,0.00019625312415882945,0.0001937697088578716,9.785100701265037e-05,0.00018848016043193638,0.00018975911370944232,0.00014141781139187515,0.000175103748915717,0.00019771110964938998,1.4102820387051906e-05,0.0001137298604589887,0.0001317833666689694,0.00012188529944978654,6.533935811603442e-05,6.0789410781580955e-05
51,4.806155993719585e-05,5.4487809393322095e-05,5.571526344283484e-05,7.173029007390141e-05,7.345216727117077e-05,4.862788409809582e-05,7.770829688524827e-05,7.667169847991318e-05,5.9548518038354814e-05,2.5e-05,8.088557660812512e-05,7.418249879265204e-05,7.117792392818956e-06,4.228172838338651e-05,9.083294571610168e-05,0.00013203984417486936,0.00015009919297881424,0.0002075069205602631,0.00020498322555795312,9.528639930067584e-05,0.0001817384036257863,0.00020498887170106173,0.00014840785297565162,0.00018013232329394668,0.00021827629825565964,1.5808538591954857e-05,0.00011957022070419043,0.00013527600094676018,0.00014117074897512794,6.374825170496479e-05,5.900850010220893e-05
